타임스탬프,명칭,한자,위치,분류,이미지,기여자 기록용 별명 (한 번만 적어주시면 됩니다)
2024. 5. 5 오전 9:46:39,서부,西部,"1896, 549",지명,수선전도,
2024. 5. 5 오전 9:46:39,마포,麻浦,"2191, 225",지명,수선전도,
2024. 5. 5 오전 9:46:39,선혜창,宣惠倉,"1982, 571",건물,수선전도,
2024. 5. 5 오전 9:46:39,보국사,輔國寺,"710, 660",건물,수선전도,
2024. 5. 5 오전 9:46:39,삼천동,三川洞,"700, 400",지명,수선전도,
2024. 5. 5 오전 9:46:39,상원사,上元寺,"554, 545",건물,수선전도,
2024. 5. 5 오전 9:46:39,용암사,龍岩寺,"539, 921",건물,수선전도,
2024. 5. 5 오전 9:46:39,양철평,梁哲坪,"887, 187",지명,수선전도,
2024. 5. 5 오전 9:46:39,보토소,補土所,"771, 666",지명,수선전도,
2024. 5. 5 오전 9:46:39,숙정문,肅靖門,"856, 789",문,수선전도,
2024. 5. 5 오전 9:46:39,서문,西門,"570, 446",문,수선전도,
2024. 5. 5 오전 10:06:26,신촌,新村,"2127, 1629",지명,수선전도,
2024. 5. 5 오전 10:10:13,잠두,蠶頭,"2159, 753",지명,수선전도,
2024. 5. 5 오후 1:47:13,정토사,淨土寺,"1079, 53",건물,수선전도,
2024. 5. 5 오후 1:48:22,안암동,安岩洞,"1319, 1698",지명,수선전도,
2024. 5. 5 오후 3:56:58,금호문,金虎門,"2287, 246",문,동궐도,
2024. 5. 5 오후 4:28:23,홍화문,弘化門,"1941, 5120",문,동궐도,
2024. 5. 6 오전 12:02:44,단봉문,丹鳳門,"2828, 577",문,동궐도,
2024. 5. 6 오전 12:12:34,대청,臺廳,"2223, 1711",건물,동궐도,
2024. 5. 6 오전 12:13:04,은대(승정원),銀臺,"2122, 1793",건물,동궐도,
2024. 5. 6 오전 12:13:34,당후,堂后,"2042, 1908",건물,동궐도,
2024. 5. 6 오전 12:15:00,빈청,賓廳,"2385, 1759",건물,동궐도,
2024. 5. 6 오전 12:16:50,측간,厠間,"2459, 1791",건물,동궐도,
2024. 5. 6 오전 12:19:20,정청,政廳,"2170, 1922",건물,동궐도,
2024. 5. 6 오전 12:20:18,연영문,延英門,"2161, 1890",문,동궐도,
2024. 5. 6 오전 11:47:44,도봉,道峯,"503, 1314",지명,수선전도,
2024. 5. 6 오전 11:49:09,아현,阿峴,"1824, 187",지명,수선전도,
2024. 5. 6 오후 12:03:48,경복궁,景福宮,"1275, 615",건물,수선전도,
2024. 5. 6 오후 12:05:05,남부,南部,"1702, 1021",지명,수선전도,
2024. 5. 6 오후 12:06:11,중부,中部,"1564, 1041",지명,수선전도,
2024. 5. 6 오후 12:07:15,동부,東部,"1495, 1220",지명,수선전도,
2024. 5. 6 오후 12:07:37,북부,北部,"1157, 821",지명,수선전도,
2024. 5. 6 오후 7:17:30,경추문,景秋門,"1379, 1036",문,동궐도,성완
2024. 5. 7 오전 11:03:20,노량,露梁,"2347, 420",지명,수선전도,
2024. 5. 7 오전 11:05:21,집춘문,集春門,"409, 5786",문,동궐도,정현
2024. 5. 7 오전 11:08:52,수철리,水鉄里,"1992, 151",지명,수선전도,
2024. 5. 8 오후 11:19:16,동문,東門,"594, 1019",문,수선전도,정현
2024. 5. 9 오후 5:06:47,창의문,彰義門,"958, 422",문,수선전도,
2024. 5. 9 오후 10:58:31,백자동,栢子洞,"1145, 1425",지명,수선전도,茶隣
2024. 5. 13 오전 11:17:05,돈화문,敦化門,"2508, 182",문,동궐도,
2024. 5. 13 오전 11:17:42,수문장청,守門將廳,"2557, 263",건물,동궐도,
2024. 5. 13 오전 11:18:03,수문장청,守門將廳,"2569, 90",건물,동궐도,
2024. 5. 13 오전 11:18:31,의장고,儀仗庫,"2430, 143",건물,동궐도,
2024. 5. 13 오전 11:19:49,무비사,武備司,"2361, 205",건물,동궐도,
2024. 5. 13 오전 11:20:15,수문장청,守門將廳,"2271, 286",건물,동궐도,
2024. 5. 13 오전 11:20:58,위장청,衛將廳,"2234, 320",건물,동궐도,
2024. 5. 13 오전 11:21:28,남소,南所,"2204, 348",건물,동궐도,
2024. 5. 13 오전 11:22:42,교자고,轎子庫,"2664, 379",건물,동궐도,
2024. 5. 13 오전 11:23:17,상의원,尙衣院,"2716, 593",건물,동궐도,
2024. 5. 13 오전 11:23:50,수문장청,守門將廳,"2773, 662",건물,동궐도,
2024. 5. 13 오전 11:24:27,고(곳간),庫,"2684, 627",건물,동궐도,
2024. 5. 13 오전 11:25:28,치미각,致美閣,"2561, 667",건물,동궐도,
2024. 5. 13 오전 11:26:44,내각(규장각),內閣,"2120, 527",건물,동궐도,
2024. 5. 13 오전 11:27:45,훈국초관입직소,訓局哨官入直所,"2002, 489",건물,동궐도,
2024. 5. 13 오전 11:28:48,훈국군파수직소,訓局軍把守直所,"2127, 411",건물,동궐도,
2024. 5. 14 오후 1:38:33,문묘,文廟,"1001, 1186",건물,수선전도,
2024. 5. 14 오후 2:09:03,건양문,建陽門,"2381, 2530",문,동궐도,茶隣
2024. 5. 14 오후 10:09:35,신독재,愼獨齋,"1108, 5294",건물,동궐도,김수민
2024. 5. 14 오후 10:19:33,난향각,蘭香閣,"1186, 5280",건물,동궐도,김수민
2024. 5. 14 오후 10:20:28,취요헌,翠耀軒,"1218, 5135",건물,동궐도,김수민
2024. 5. 14 오후 10:22:25,월근문,月覲門,"993, 6149",문,동궐도,김수민
2024. 5. 14 오후 10:23:00,춘운문,春雲門,"1109, 6006",문,동궐도,김수민
2024. 5. 14 오후 10:23:39,청양문,靑陽門,"1089, 5928",문,동궐도,김수민
2024. 5. 14 오후 10:24:50,수궁,守宮,"720, 6013",건물,동궐도,김수민
2024. 5. 14 오후 10:46:50,관덕정,觀德亭,"540, 5558",건물,동궐도,김수민
2024. 5. 14 오후 10:49:01,폄우사,砭愚榭,"404, 4731",건물,동궐도,김수민
2024. 5. 14 오후 10:50:01,애련정,愛蓮亭,"404, 4731",건물,동궐도,김수민
2024. 5. 14 오후 10:50:22,불로문,不老門,"622, 4876",문,동궐도,김수민
2024. 5. 14 오후 10:51:17,이안재,易安齋,"686, 4791",건물,동궐도,김수민
2024. 5. 14 오후 10:51:41,석거문,石渠門,"642, 4721",문,동궐도,김수민
2024. 5. 14 오후 10:52:35,진선문,進善門,"2280, 970",문,동궐도,김수민
2024. 5. 14 오후 10:53:15,등영루,登瀛樓,"2180, 979",건물,동궐도,김수민
2024. 5. 14 오후 10:53:41,약방(내의원),藥房,"2137, 1109",건물,동궐도,김수민
2024. 5. 14 오후 10:54:49,결속색,結束色,"2357, 924",건물,동궐도,김수민
2024. 5. 14 오후 10:55:07,정색,政色,"2385, 894",건물,동궐도,김수민
2024. 5. 14 오후 10:55:38,내병조,內兵曹,"2420, 982",건물,동궐도,김수민
2024. 5. 14 오후 10:56:07,전설사,典設司,"2430, 855",건물,동궐도,김수민
2024. 5. 14 오후 10:57:00,호위청,扈衛廳,"2422, 1182",건물,동궐도,김수민
2024. 5. 14 오후 10:57:34,상서원,尙瑞院,"2422, 1352",건물,동궐도,김수민
2024. 5. 14 오후 10:58:26,배설방,排設房,"2392, 1504",건물,동궐도,
2024. 5. 14 오후 10:59:44,대유재,大酉齋,"1973, 797",건물,동궐도,
2024. 5. 14 오후 11:00:20,옥당(홍문관),玉堂,"2211, 857",건물,동궐도,
2024. 5. 14 오후 11:00:42,인정문,仁政門,"2227, 1437",문,동궐도,
2024. 5. 14 오후 11:01:08,내삼청,內三廳,"2068, 1351",건물,동궐도,
2024. 5. 14 오후 11:01:32,숭범문,崇範門,"2045, 1373",문,동궐도,
2024. 5. 14 오후 11:01:50,예문관,藝文館,"2001, 1374",건물,동궐도,
2024. 5. 14 오후 11:02:21,융안문,隆安門,"2027, 1249",문,동궐도,
2024. 5. 14 오후 11:02:40,서휘문,瑞暉門,"1996, 1291",문,동궐도,
2024. 5. 14 오후 11:03:02,만복문,萬福門,"1911, 1333",문,동궐도,
2024. 5. 14 오후 11:03:36,장수실,莊修室,"1932, 1416",건물,동궐도,
2024. 5. 14 오후 11:03:58,연경문,衍慶門,"1923, 1202",문,동궐도,
2024. 5. 14 오후 11:04:20,보춘문,報春門,"1901, 1294",문,동궐도,
2024. 5. 14 오후 11:05:20,단양문,端陽門,"2223, 2045",문,동궐도,
2024. 5. 14 오후 11:05:47,누상고,樓上庫,"2188, 2106",건물,동궐도,
2024. 5. 14 오후 11:06:22,공상청,供上廳,"2195, 1995",건물,동궐도,
2024. 5. 14 오후 11:06:41,주원,廚院,"2152, 2029",건물,동궐도,
2024. 5. 14 오후 11:07:07,궁방,弓房,"2107, 2083",건물,동궐도,
2024. 5. 14 오후 11:07:20,고(곳간),庫,"2108, 2043",건물,동궐도,
2024. 5. 14 오후 11:07:48,서리방,書吏房,"2166, 1944",건물,동궐도,
2024. 5. 14 오후 11:08:03,장방,長房,"2045, 2106",건물,동궐도,
2024. 5. 14 오후 11:08:29,사알방,司謁房,"2206, 2185",건물,동궐도,
2024. 5. 14 오후 11:08:51,협양문,協陽門,"2176, 2266",문,동궐도,
2024. 5. 14 오후 11:09:13,상고,廂庫,"2167, 2226",건물,동궐도,
2024. 5. 14 오후 11:09:38,수라간,水剌間,"2141, 2185",건물,동궐도,
2024. 5. 14 오후 11:09:55,등촉방,燈燭房,"2103, 2179",건물,동궐도,
2024. 5. 14 오후 11:10:40,측간,厠間,"2007, 2270",건물,동궐도,
2024. 5. 14 오후 11:10:58,대은원,戴恩院,"2075, 2279",건물,동궐도,
2024. 5. 14 오후 11:11:19,신우문,神佑門,"2002, 2224",문,동궐도,
2024. 5. 14 오후 11:11:45,선휘문,宣暉門,"1953, 2199",문,동궐도,
2024. 5. 14 오후 11:12:11,장방,長房,"1991, 2063",건물,동궐도,
2024. 5. 14 오후 11:12:29,선정문,宣政門,"1993, 2039",문,동궐도,
2024. 5. 14 오후 11:12:56,측간,厠間,"1927, 2291",건물,동궐도,
2024. 5. 14 오후 11:14:08,선정전,宣政殿,"1842, 2117",건물,동궐도,
2024. 5. 14 오후 11:14:23,건중문,建中門,"1801, 2164",문,동궐도,
2024. 5. 14 오후 11:14:45,금상문,金商門,"1793, 2064",문,동궐도,
2024. 5. 14 오후 11:15:13,향명문,嚮明門,"1828, 1998",문,동궐도,
2024. 5. 14 오후 11:16:37,영벽문,暎碧門,"1445, 1974",문,동궐도,
2024. 5. 14 오후 11:16:56,요월문,曜月門,"1685, 2032",문,동궐도,
2024. 5. 14 오후 11:17:13,옹희문,雍熙門,"1697, 1994",문,동궐도,
2024. 5. 14 오후 11:17:39,태화당,泰和堂,"1697, 2211",건물,동궐도,
2024. 5. 14 오후 11:18:07,헌선문,獻線門,"1761, 2178",문,동궐도,
2024. 5. 14 오후 11:18:25,재덕당,在德堂,"1698, 2302",건물,동궐도,
2024. 5. 14 오후 11:18:45,영광문,迎光門,"1760, 2299",문,동궐도,
2024. 5. 14 오후 11:19:49,석거청,石渠廳,"2350, 2653",건물,동궐도,
2024. 5. 14 오후 11:20:22,행석거문,行石渠門,"2280, 2655",문,동궐도,
2024. 5. 14 오후 11:20:46,명량문,明兩門,"2252, 2543",문,동궐도,
2024. 5. 14 오후 11:21:05,청판문,靑板門,"2253, 2498",문,동궐도,
2024. 5. 14 오후 11:21:28,근작문,勤綽門,"2297, 2506",문,동궐도,
2024. 5. 14 오후 11:21:51,연양문,延陽門,"2273, 2458",문,동궐도,
2024. 5. 14 오후 11:22:18,불영문,不盈門,"2256, 2442",문,동궐도,
2024. 5. 14 오후 11:22:38,중요문,重曜門,"2155, 2632",문,동궐도,
2024. 5. 14 오후 11:23:06,연현문,延賢門,"2176, 2510",문,동궐도,
2024. 5. 14 오후 11:23:23,홍현문,弘賢門,"2146, 2438",문,동궐도,
2024. 5. 14 오후 11:23:48,전명청,傳命廳,"2190, 2368",건물,동궐도,
2024. 5. 14 오후 11:24:25,담월루,澹月樓,"2097, 2523",건물,동궐도,
2024. 5. 14 오후 11:24:42,양성재,養性齋,"2105, 2568",건물,동궐도,
2024. 5. 14 오후 11:25:10,대현문,待賢門,"2102, 2360",문,동궐도,
2024. 5. 14 오후 11:25:41,영현문,迎賢門,"2090, 2426",문,동궐도,
2024. 5. 14 오후 11:26:00,인현문,引賢門,"2057, 2526",문,동궐도,
2024. 5. 14 오후 11:26:20,상현문,尙賢門,"2013, 2583",문,동궐도,
2024. 5. 14 오후 11:26:36,방현문,訪賢門,"2017, 2567",문,동궐도,
2024. 5. 14 오후 11:29:14,예현문,禮賢門,"2103, 2669",문,동궐도,
2024. 5. 14 오후 11:29:36,자시문,資始門,"2052, 2656",문,동궐도,
2024. 5. 14 오후 11:30:22,향양유,嚮陽牖,"1980, 2643",미상,동궐도,
2024. 5. 14 오후 11:30:49,성정각,誠正閣,"1928, 2596",건물,동궐도,
2024. 5. 14 오후 11:31:50,선화문,宣化門,"1959, 2467",문,동궐도,
2024. 5. 14 오후 11:32:40,내반원,內班院,"2005, 2357",건물,동궐도,
2024. 5. 14 오후 11:33:01,소주방,燒廚房,"1962, 2387",건물,동궐도,
2024. 5. 14 오후 11:33:26,친현문,親賢門,"1945, 2519",건물,동궐도,
2024. 5. 14 오후 11:33:48,월랑,月廊,"1929, 2441",건물,동궐도,
2024. 5. 14 오후 11:34:33,유일문,惟一門,"2016, 2616",문,동궐도,
2024. 5. 14 오후 11:34:52,금서문,琴書門,"1957, 2667",문,동궐도,
2024. 5. 14 오후 11:36:20,제정각,齊政閣,"1865, 2589",건물,동궐도,
2024. 5. 14 오후 11:36:42,당(연못),塘,"1838, 2620",연못,동궐도,
2024. 5. 14 오후 11:37:30,규정문,揆政門,"1896, 2618",문,동궐도,
2024. 5. 14 오후 11:38:20,황련문,黃蓮門,"1900, 2597",문,동궐도,
2024. 5. 14 오후 11:38:49,보진문,普進門,"1881, 2628",문,동궐도,
2024. 5. 14 오후 11:39:06,희인문,熙仁門,"1894, 2508",문,동궐도,
2024. 5. 14 오후 11:39:31,선례문,宣禮門,"1832, 2471",문,동궐도,
2024. 5. 14 오후 11:39:59,희정당,熙政堂,"1788, 2535",건물,동궐도,
2024. 5. 14 오후 11:40:21,동인문,同仁門,"1828, 2687",문,동궐도,
2024. 5. 14 오후 11:40:38,장순문,莊順門,"1780, 2607",문,동궐도,
2024. 5. 14 오후 11:40:56,양심합,養心閤,"1706, 2670",건물,동궐도,
2024. 5. 14 오후 11:41:13,선평문,宣平門,"1704, 2548",문,동궐도,
2024. 5. 14 오후 11:41:34,풍화문,豊和門,"1706, 2483",문,동궐도,
2024. 5. 14 오후 11:42:04,외주방,外廚房,"1776, 2418",건물,동궐도,
2024. 5. 14 오후 11:42:34,동문헌,同文軒,"1773, 2447",건물,동궐도,
2024. 5. 14 오후 11:42:57,극수재,克綏齋,"1769, 2454",건물,동궐도,
2024. 5. 14 오후 11:43:23,요휘문,耀輝門,"1700, 2387",문,동궐도,
2024. 5. 14 오후 11:43:36,경극문,慶極門,"1669, 2459",문,동궐도,
2024. 5. 14 오후 11:44:00,소춘문,小春門,"1559, 2395",문,동궐도,
2024. 5. 14 오후 11:44:28,옥화당,玉華堂,"1451, 2519",건물,동궐도,
2024. 5. 14 오후 11:44:49,영휘당,永輝堂,"1452, 2552",건물,동궐도,
2024. 5. 14 오후 11:45:04,건창문,建昌門,"1444, 2582",문,동궐도,
2024. 5. 14 오후 11:45:23,징광루,澄光樓,"1436, 2626",건물,동궐도,
2024. 5. 14 오후 11:45:47,만상문,萬祥門,"1523, 2556",문,동궐도,
2024. 5. 14 오후 11:46:10,정,井,"1552, 2590",우물,동궐도,
2024. 5. 14 오후 11:47:02,집상문,集祥門,"1581, 2508",문,동궐도,
2024. 5. 14 오후 11:47:18,회서문,會瑞門,"1572, 2543",문,동궐도,
2024. 5. 14 오후 11:47:47,대조전,大造殿,"1587, 2663",건물,동궐도,
2024. 5. 14 오후 11:48:07,수라간,水剌間,"1640, 2589",건물,동궐도,
2024. 5. 14 오후 11:49:12,삼선재,三善齋,"2228, 2730",건물,동궐도,
2024. 5. 14 오후 11:49:41,대축관,大畜觀,"2225, 2792",건물,동궐도,
2024. 5. 14 오후 11:50:07,영현합,迎賢閤,"2221, 3016",건물,동궐도,
2024. 5. 14 오후 11:50:30,소유루,小酉樓,"2207, 3068",건물,동궐도,
2024. 5. 14 오후 11:50:53,중희당,重熙堂,"2000, 2940",건물,동궐도,
2024. 5. 14 오후 11:51:18,구여문,九如門,"2003, 2805",문,동궐도,
2024. 5. 14 오후 11:51:30,소양문,小陽門,"2006, 2847",문,동궐도,
2024. 5. 14 오후 11:51:51,석류실,錫類室,"1925, 2909",건물,동궐도,
2024. 5. 14 오후 11:52:06,서주,書廚,"1954, 2882",건물,동궐도,
2024. 5. 14 오후 11:52:40,대석거문,大石渠門,"2332, 2731",문,동궐도,
2024. 5. 14 오후 11:52:54,군물고,軍物庫,"2354, 2920",건물,동궐도,
2024. 5. 14 오후 11:53:40,홍서합,弘書閤,"2308, 3356",건물,동궐도,
2024. 5. 14 오후 11:53:55,이녕문,以寧門,"2322, 3422",문,동궐도,
2024. 5. 14 오후 11:54:11,경녕루,慶寧樓,"2288, 3455",건물,동궐도,
2024. 5. 14 오후 11:54:45,유호문,攸好門,"2237, 3439",문,동궐도,
2024. 5. 14 오후 11:55:19,학금,鶴禁,"2119, 3260",건물,동궐도,
2024. 5. 14 오후 11:55:34,중양문,重陽門,"2158, 3112",문,동궐도,
2024. 5. 14 오후 11:55:59,원지문,元祉門,"2052, 3246",문,동궐도,
2024. 5. 14 오후 11:57:01,비지문,備祉門,"2053, 3235",문,동궐도,
2024. 5. 14 오후 11:57:30,의신합,儀宸閤,"2043, 3209",건물,동궐도,
2024. 5. 14 오후 11:57:53,소인합루,小寅合樓,"2041, 3129",건물,동궐도,
2024. 5. 14 오후 11:58:16,도서루,圖書樓,"1963, 3286",건물,동궐도,
2024. 5. 14 오후 11:58:33,보운문,寶雲門,"2001, 3239",문,동궐도,
2024. 5. 14 오후 11:58:54,선송,仙松,"2004, 3210",소나무,동궐도,
2024. 5. 14 오후 11:59:07,장춘,長春,"2006, 3186",미상,동궐도,
2024. 5. 14 오후 11:59:52,해당정,海棠榳,"1954, 3155",건물,동궐도,
2024. 5. 15 오전 12:00:14,정(우물),井,"2266, 3168",우물,동궐도,
2024. 5. 15 오전 12:01:34,주자소,鑄字所,"2178, 4975",건물,동궐도,
2024. 5. 15 오전 12:01:48,판당,板堂,"2247, 4962",건물,동궐도,
2024. 5. 15 오전 12:02:07,내궁방,內弓房,"2249, 4751",문,동궐도,
2024. 5. 15 오전 12:02:25,명정문,明政門,"2013, 4856",문,동궐도,
2024. 5. 15 오전 12:03:07,광정문,光政門,"2141, 4585",문,동궐도,
2024. 5. 15 오전 12:03:30,고문관,考文館,"2237, 4616",건물,동궐도,
2024. 5. 15 오전 12:03:55,정(우물),井,"2226, 4454",우물,동궐도,
2024. 5. 15 오전 12:04:29,규영신부,奎瀛新府,"2349, 4583",건물,동궐도,
2024. 5. 15 오전 12:04:53,도총부,都摠府,"2310, 4415",건물,동궐도,
2024. 5. 15 오전 12:05:08,십선루,十仙樓,"2354, 4312",건물,동궐도,
2024. 5. 15 오전 12:05:34,문정문,文政門,"2179, 4298",문,동궐도,
2024. 5. 15 오전 12:05:50,숭화문,崇化文,"2190, 4383",문,동궐도,
2024. 5. 15 오전 12:06:17,명정전,明政殿,"1977, 4401",건물,동궐도,
2024. 5. 15 오전 12:06:40,건복문,建福門,"2038, 4290",문,동궐도,
2024. 5. 15 오전 12:07:01,광선문,廣善門,"1966, 4309",문,동궐도,
2024. 5. 15 오전 12:08:08,숭문당,崇文堂,"2007, 4150",건물,동궐도,
2024. 5. 15 오전 12:08:29,근독합,謹獨閤,"1997, 4184",건물,동궐도,
2024. 5. 15 오전 12:08:50,주상문,奏祥門,"2033, 4205",문,동궐도,
2024. 5. 15 오전 12:09:07,빈양문,賓陽門,"1970, 4208",문,동궐도,
2024. 5. 15 오전 12:09:25,주명문,朱明門,"2234, 4131",문,동궐도,
2024. 5. 15 오전 12:09:50,보화문,普和門,"2151, 4007",문,동궐도,
2024. 5. 15 오전 12:10:14,취명문,翠明門,"1984, 3974",문,동궐도,
2024. 5. 15 오전 12:10:47,통경문,通慶門,"2101, 4242",문,동궐도,
2024. 5. 15 오전 12:11:35,함인정,涵仁亭,"1903, 4155",건물,동궐도,
2024. 5. 15 오전 12:12:07,공묵합,恭默閤,"1808, 4223",건물,동궐도,
2024. 5. 15 오전 12:12:31,순역헌,純亦軒,"1853, 4046",건물,동궐도,
2024. 5. 15 오전 12:12:53,홍인문,弘仁門,"1892, 4096",문,동궐도,
2024. 5. 15 오전 12:13:09,유인문,由仁門,"1874, 4235",문,동궐도,
2024. 5. 15 오전 12:13:47,경춘전,景春殿,"1711, 4084",건물,동궐도,
2024. 5. 15 오전 12:14:05,정양문,正陽門,"1641, 4042",문,동궐도,
2024. 5. 15 오전 12:14:34,통명전기,通明殿基,"1472, 4059",터,동궐도,
2024. 5. 15 오전 12:16:07,상서성,尙書省,"2132, 1830",건물,동궐도,
2024. 5. 15 오전 12:16:27,문서고,文書庫,"2088, 1878",건물,동궐도,
2024. 5. 15 오전 12:17:08,동월랑,東月廊,"2034, 1816",건물,동궐도,
2024. 5. 15 오전 12:17:21,광범문,光範門,"2001, 1846",문,동궐도,
2024. 5. 15 오전 12:17:35,서방색,書房色,"1956, 1890",건물,동궐도,
2024. 5. 15 오전 12:18:04,숙장문,肅章門,"2314, 1584",문,동궐도,
2024. 5. 15 오전 12:18:27,육선루,六仙樓,"2172, 1688",건물,동궐도,
2024. 5. 15 오전 12:18:45,악기고,樂器庫,"2206, 1659",건물,동궐도,
2024. 5. 15 오전 12:18:59,좌월랑,左月廊,"2229, 1593",건물,동궐도,
2024. 5. 15 오전 12:19:30,인정전,仁政殿,"1873, 1668",건물,동궐도,
2024. 5. 15 오전 8:48:36,하도감,下都監,"1753, 1496",건물,수선전도,
2024. 5. 15 오전 8:50:22,표교,杓橋,"1538, 1416",건물,수선전도,
2024. 5. 15 오전 8:52:53,연자루,燕子樓,"1626, 1479",건물,수선전도,
2024. 5. 15 오후 3:14:46,훈련원,訓鍊院,"1671, 1467",건물,수선전도,
2024. 5. 15 오후 3:15:26,창선방,彰善坊,"1579, 1363",지명,수선전도,
2024. 5. 15 오후 3:16:04,이교,二橋,"1541, 1265",건물,수선전도,
2024. 5. 15 오후 3:18:21,염초청,焰硝廳,"1631, 1344",건물,수선전도,
2024. 5. 15 오후 3:19:14,마전교,馬廛橋,"1629, 1285",건물,수선전도,
2024. 5. 15 오후 3:19:57,연방축동,蓮防築洞,"1691, 1395",지명,수선전도,
2024. 5. 15 오후 3:20:39,남정동,藍井洞,"1758, 1410",지명,수선전도,
2024. 5. 15 오후 3:21:18,남소문동,南小門洞,"1894, 1429",지명,수선전도,
2024. 5. 15 오후 3:21:42,남영,南營,"1983, 1378",건물,수선전도,
2024. 5. 15 오후 3:22:06,대동,帶洞,"1733, 1320",지명,수선전도,
2024. 5. 15 오후 3:22:52,어청교,於靑橋,"1787, 1350",건물,수선전도,
2024. 5. 15 오후 3:23:47,동산동,東山洞,"1896, 1350",지명,수선전도,
2024. 5. 15 오후 5:29:06,쌍리문동,雙里門洞,"1911, 1300",지명,수선전도,
2024. 5. 15 오후 5:29:37,명철방,明哲坊,"1839, 1271",지명,수선전도,
2024. 5. 15 오후 5:32:18,수근동,水芹洞,"1734, 1255",지명,수선전도,
2024. 5. 15 오후 5:32:48,야현,冶峴,"1897, 1265",지명,수선전도,
2024. 5. 15 오후 5:33:56,상무침교,上無沈橋,"1900, 1232",건물,수선전도,
2024. 5. 15 오후 5:38:50,석가산동,石假山洞,"1953, 1242",지명,수선전도,
2024. 5. 15 오후 5:40:04,오정동,烏井洞,"1856, 1244",지명,수선전도,
2024. 5. 15 오후 5:40:42,무침교,無沈橋,"1785, 1218",건물,수선전도,
2024. 5. 15 오후 5:41:12,청교,淸橋,"1717, 1214",건물,수선전도,
2024. 5. 15 오후 5:52:17,벌정동,伐井洞,"1692, 1180",지명,수선전도,
2024. 5. 15 오후 5:52:38,궁동,宮洞,"1752, 1176",지명,수선전도,
2024. 5. 15 오후 5:53:09,후천동,後川洞,"1782, 1174",지명,수선전도,
2024. 5. 15 오후 5:57:34,모동,帽洞,"1580, 1095",지명,수선전도,
2024. 5. 15 오후 5:58:08,효경교,孝經橋,"1615, 1107",건물,수선전도,
2024. 5. 15 오후 5:58:53,집거동,執巨洞,"1682, 1109",지명,수선전도,
2024. 5. 15 오후 6:00:47,건천동,乾川洞,"1740, 1093",지명,수선전도,
2024. 5. 15 오후 6:01:29,인성현,仁城峴,"1816, 1134",지명,수선전도,
2024. 5. 15 오후 6:02:01,왜관동,倭館洞,"1861, 1156",지명,수선전도,
2024. 5. 15 오후 6:08:24,회동,晦洞,"1858, 1124",지명,수선전도,
2024. 5. 15 오후 6:08:49,묵동,墨洞,"1925, 1136",지명,수선전도,
2024. 5. 15 오후 6:09:12,생민동,生民洞,"1911, 1115",지명,수선전도,
2024. 5. 15 오후 6:09:48,금창,禁倉,"2015, 1108",건물,수선전도,
2024. 5. 15 오후 6:10:17,남별영,南別營,"2007, 1058",건물,수선전도,
2024. 5. 15 오후 6:15:17,필동,筆洞,"1938, 1080",지명,수선전도,
2024. 5. 15 오후 6:15:57,하랑교,河浪橋,"1618, 1027",건물,수선전도,
2024. 5. 15 오후 6:16:21,초동,草洞,"1752, 1033",지명,수선전도,
2024. 5. 15 오후 6:16:59,성명방,誠明坊,"1783, 1046",지명,수선전도,
2024. 5. 15 오후 6:17:26,남학,南學,"1957, 1011",건물,수선전도,
2024. 5. 15 오후 6:18:17,준천사,濬川司,"1579, 977",건물,수선전도,
2024. 5. 15 오후 7:55:17,통제문,通濟門,"1622, 3003",문,동궐도,
2024. 5. 15 오후 7:56:01,풍기석,風旗石,"1641, 2987",풍기석,동궐도,김수민
2024. 5. 15 오후 7:56:23,만춘문,萬春門,"1583, 2946",문,동궐도,
2024. 5. 15 오후 7:57:07,집상전,集祥殿,"1476, 2868",건물,동궐도,김수민
2024. 5. 15 오후 7:57:48,흥복헌,興福軒,"1590, 2768",건물,동궐도,김수민
2024. 5. 15 오후 7:58:10,통명문,通明門,"1668, 2772",문,동궐도,
2024. 5. 15 오후 7:58:58,일영,日影,"1803, 2775",미상,동궐도,
2024. 5. 15 오후 7:59:45,유여청헌,有餘淸軒,"1891, 2750",건물,동궐도,
2024. 5. 15 오후 8:27:30,비파동,比巴洞,"1590, 950",지명,수선전도,
2024. 5. 15 오후 8:28:09,수표교,水標橋,"1619, 932",건물,수선전도,
2024. 5. 15 오후 8:29:27,입정동,笠井洞,"1697, 994",지명,수선전도,
2024. 5. 15 오후 8:30:13,이동,履洞,"1752, 991",지명,수선전도,
2024. 5. 15 오후 8:30:52,천초동,川椒洞,"1787, 1006",지명,수선전도,
2024. 5. 15 오후 8:31:28,균역창,均役倉,"1935, 972",건물,수선전도,
2024. 5. 15 오후 8:31:59,주동,鑄洞,"1985, 933",지명,수선전도,
2024. 5. 15 오후 8:32:42,영희전,永禧殿,"1870, 932",건물,수선전도,
2024. 5. 15 오후 8:33:19,훈도방,薰陶坊,"1833, 925",지명,수선전도,
2024. 5. 15 오후 8:33:50,죽동,竹洞,"1751, 951",지명,수선전도,
2024. 5. 15 오후 8:34:15,냉동,冷洞,"1758, 931",지명,수선전도,
2024. 5. 15 오후 8:35:31,양향청,糧餉廳,"1782, 909",건물,수선전도,
2024. 5. 15 오후 8:36:09,혜민서,惠民署,"1705, 906",건물,수선전도,
2024. 5. 15 오후 8:37:16,장통방,長通坊,"1571, 886",지명,수선전도,
2024. 5. 15 오후 8:37:44,장통교,長通橋,"1621, 880",건물,수선전도,
2024. 5. 15 오후 8:38:09,묵동,墨洞,"1680, 883",지명,수선전도,
2024. 5. 15 오후 8:38:41,태평방,太平坊,"1691, 865",지명,수선전도,
2024. 5. 15 오후 8:39:29,관자동,貫子洞,"1576, 864",지명,수선전도,
2024. 5. 15 오후 8:40:19,동현,銅峴,"1724, 841",지명,수선전도,
2024. 5. 15 오후 8:40:52,수하동,水下洞,"1683, 840",지명,수선전도,
2024. 5. 15 오후 8:43:06,저동,苧洞,"1791, 875",지명,수선전도,
2024. 5. 15 오후 8:43:31,사정동,絲井洞,"1760, 855",지명,수선전도,
2024. 5. 15 오후 8:44:04,장악원,掌樂院,"1761, 835",건물,수선전도,
2024. 5. 15 오후 8:44:39,종현,鍾峴,"1885, 867",지명,수선전도,
2024. 5. 15 오후 8:45:14,이현(니현),泥峴,"1923, 868",지명,수선전도,
2024. 5. 15 오후 8:45:46,교서동,校書洞,"1963, 889",지명,수선전도,
2024. 5. 15 오후 8:46:09,나동,羅洞,"1983, 866",지명,수선전도,
2024. 5. 15 오후 8:47:15,종,鍾,"1554, 799",건물,수선전도,
2024. 5. 16 오전 7:53:03,대광교,大廣橋,"1597, 783",건물,수선전도,
2024. 5. 16 오전 7:53:47,전옥서,典獄署,"1570, 761",건물,수선전도,
2024. 5. 16 오전 7:54:24,다방동(차방동),茶房洞,"1645, 729",지명,수선전도,
2024. 5. 16 오전 7:56:09,도화서,圖畵署,"1690, 818",건물,수선전도,
2024. 5. 16 오전 7:56:32,명동,明洞,"1780, 805",지명,수선전도,
2024. 5. 16 오전 7:57:12,용동,龍洞,"1837, 784",지명,수선전도,
2024. 5. 16 오전 7:57:40,명례방,明禮坊,"1874, 809",지명,수선전도,
2024. 5. 16 오전 7:58:03,남산동,南山洞,"2011, 808",지명,수선전도,
2024. 5. 16 오전 7:58:35,호동,扈洞,"1933, 833",지명,수선전도,
2024. 5. 16 오전 7:59:49,난동,蘭洞,"1937, 793",지명,수선전도,
2024. 5. 16 오전 8:00:15,낙동,駱洞,"1885, 764",지명,수선전도,
2024. 5. 16 오전 8:00:40,장흥동,長興洞,"1935, 728",지명,수선전도,
2024. 5. 16 오전 8:01:13,소광교,小廣橋,"1694, 783",건물,수선전도,
2024. 5. 16 오전 8:01:41,광통방,廣通坊,"1696, 750",지명,수선전도,
2024. 5. 16 오전 8:02:16,무교,武橋,"1690, 691",건물,수선전도,
2024. 5. 16 오전 8:02:41,미동,美洞,"1767, 735",지명,수선전도,
2024. 5. 16 오전 8:03:06,사동,沙洞,"1573, 717",지명,수선전도,
2024. 5. 16 오전 8:03:32,합동,蛤洞,"1574, 700",지명,수선전도,
2024. 5. 16 오전 8:03:59,모교,毛橋,"1596, 676",건물,수선전도,
2024. 5. 16 오전 8:04:32,남별궁,南別宮,"1788, 698",건물,수선전도,
2024. 5. 16 오전 8:05:02,소공동,小公洞,"1843, 700",지명,수선전도,
2024. 5. 16 오전 8:05:32,저경궁,儲慶宮,"1847, 654",건물,수선전도,
2024. 5. 16 오전 8:06:01,호현동,好賢洞,"1935, 672",지명,수선전도,
2024. 5. 16 오전 8:06:43,호박동,好朴洞,"2030, 692",지명,수선전도,
2024. 5. 16 오전 8:07:23,상동,尙洞,"1954, 645",지명,수선전도,
2024. 5. 16 오전 8:07:44,창동,倉洞,"1951, 597",지명,수선전도,
2024. 5. 16 오전 8:08:09,수교,水橋,"1907, 613",건물,수선전도,
2024. 5. 16 오전 8:10:00,호현방,好賢坊,"1996, 662",지명,수선전도,
2024. 5. 16 오전 8:11:42,석정동,石井洞,"1755, 680",지명,수선전도,
2024. 5. 16 오전 8:13:22,우포도청,右捕盜廳,"1567, 636",건물,수선전도,
2024. 5. 16 오전 8:13:55,송교,松橋,"1558, 600",건물,수선전도,
2024. 5. 16 오전 8:14:44,사동,篩洞,"1624, 628",지명,수선전도,
2024. 5. 16 오전 8:15:06,도동,刀洞,"1653, 656",지명,수선전도,
2024. 5. 16 오전 8:15:37,군기시,軍器寺,"1678, 635",건물,수선전도,
2024. 5. 16 오전 8:16:34,소정동,小貞洞,"1727, 608",지명,수선전도,
2024. 5. 16 오전 8:19:11,경광문,景光門,"2236, 1177",문,동궐도,
2024. 5. 16 오후 12:52:49,금천교,錦川橋,"2295, 578",건물,동궐도,
2024. 5. 16 오후 12:53:54,북악산,北嶽山,"341, 428",지명,동궐도,
2024. 5. 16 오후 12:59:40,이문원,摛文院,"1946, 668",건물,동궐도,
2024. 5. 16 오후 1:10:22,만녕문,萬寧門,"1726, 1127",문,동궐도,
2024. 5. 16 오후 1:11:22,소유재,小酉齋,"1818, 913",건물,동궐도,
2024. 5. 16 오후 1:12:07,수문장청,守門將廳,"1373, 1068",건물,동궐도,
2024. 5. 16 오후 1:19:29,존덕정,尊德亭,"364, 4843",건물,동궐도,
2024. 5. 16 오후 4:11:48,별감방,別監房,"2490, 2441",건물,동궐도,영파
2024. 5. 16 오후 4:13:16,측간,厠間,"2434, 2679",건물,동궐도,
2024. 5. 16 오후 4:13:48,회경문,會慶門,"2444, 2640",문,동궐도,
2024. 5. 16 오후 4:16:03,문기수번소,門旗手番所,"2532, 2535",건물,동궐도,
2024. 5. 16 오후 4:18:20,전루,傳漏,"2476, 2508",건물,동궐도,
2024. 5. 16 오후 4:20:50,금위군번소,禁衛軍番所,"2428, 2465",건물,동궐도,
2024. 5. 16 오후 4:26:39,숭덕문,崇德門,"2433, 2754",문,동궐도,
2024. 5. 16 오후 4:27:16,다기문,多技門,"2467, 2754",문,동궐도,
2024. 5. 16 오후 4:28:34,정(우물),井,"2511, 2745",우물,동궐도,
2024. 5. 16 오후 4:29:27,무예청,武藝廳,"2529, 2729",건물,동궐도,
2024. 5. 16 오후 4:29:58,통장청,統長廳,"2547, 2784",건물,동궐도,
2024. 5. 16 오후 4:30:57,융효문,隆孝門,"2410, 2891",문,동궐도,
2024. 5. 16 오후 4:32:14,파수간,把守間,"2516, 2926",건물,동궐도,
2024. 5. 16 오후 4:32:52,정(우물),井,"2445, 3047",우물,동궐도,
2024. 5. 16 오후 4:33:15,파수간,把守間,"2440, 3080",건물,동궐도,
2024. 5. 16 오후 4:34:34,공거문,拱居門,"2607, 3058",문,동궐도,
2024. 5. 16 오후 4:35:26,장방,長房,"2658, 3009",건물,동궐도,
2024. 5. 16 오후 4:35:45,측간,厠間,"2710, 2981",건물,동궐도,
2024. 5. 16 오후 4:36:13,정(우물),井,"2762, 2915",우물,동궐도,
2024. 5. 16 오후 4:38:34,별감방,別監房,"2775, 2967",건물,동궐도,
2024. 5. 16 오후 4:39:16,전루,傳漏,"2770, 2897",건물,동궐도,
2024. 5. 16 오후 4:39:46,등촉방,燈燭房,"2774, 3062",건물,동궐도,
2024. 5. 16 오후 4:42:15,이극문,貳極門,"2598, 2803",문,동궐도,
2024. 5. 16 오후 4:53:23,정(우물),井,"2450, 3416",우물,동궐도,
2024. 5. 16 오후 4:54:12,수강문,壽康門,"2487, 3155",문,동궐도,
2024. 5. 16 오후 4:55:16,배설방,排設房,"2782, 3405",건물,동궐도,
2024. 5. 16 오후 4:57:35,진수당,進修堂,"2466, 3764",건물,동궐도,
2024. 5. 16 오후 4:58:51,집영문,集英門,"2551, 3780",문,동궐도,
2024. 5. 16 오후 5:03:07,춘방,春坊,"2632, 3744",건물,동궐도,
2024. 5. 16 오후 5:03:57,광례문,光禮門,"2726, 3540",문,동궐도,
2024. 5. 16 오후 5:04:17,측간,厠間,"2776, 3653",건물,동궐도,
2024. 5. 16 오후 5:05:59,회태문,回泰門,"2674, 3682",문,동궐도,
2024. 5. 16 오후 5:08:41,훈국군번소,訓局軍番所,"2790, 3549",건물,동궐도,
2024. 5. 16 오후 5:09:24,장서각,藏書閣,"2658, 3819",건물,동궐도,
2024. 5. 16 오후 5:10:14,장경각,藏經閣,"2460, 3846",건물,동궐도,
2024. 5. 16 오후 5:14:55,계방,桂房,"2440, 3931",건물,동궐도,
2024. 5. 16 오후 5:15:33,춘방,春坊,"2558, 3902",건물,동궐도,
2024. 5. 16 오후 5:16:00,정(우물),井,"2521, 4062",우물,동궐도,
2024. 5. 16 오후 5:31:02,서리방,書吏房,"2586, 3961",건물,동궐도,
2024. 5. 16 오후 5:31:41,동룡문,銅龍門,"2584, 4058",문,동궐도,
2024. 5. 16 오후 5:32:02,마랑,馬廊,"2666, 4077",건물,동궐도,
2024. 5. 16 오후 5:32:53,내사복시,內司僕寺,"2735, 4096",건물,동궐도,
2024. 5. 16 오후 5:33:57,금위군번소,禁衛軍番所,"2750, 3916",건물,동궐도,
2024. 5. 16 오후 5:34:28,덕응방,德應房,"2793, 3957",건물,동궐도,
2024. 5. 16 오후 5:35:17,부군당,府君堂,"2851, 3999",건물,동궐도,
2024. 5. 16 오후 5:35:46,교자방,轎子房,"2856, 4074",건물,동궐도,
2024. 5. 16 오후 5:37:11,서리방,書吏房,"2774, 4036",건물,동궐도,
2024. 5. 16 오후 5:37:42,정(우물),井,"2817, 4048",우물,동궐도,
2024. 5. 16 오후 5:38:49,고(곳간),庫,"2822, 4107",건물,동궐도,
2024. 5. 16 오후 5:39:13,정(우물),井,"2848, 4174",우물,동궐도,
2024. 5. 16 오후 5:40:00,사정,射亭,"2853, 4204",건물,동궐도,
2024. 5. 16 오후 5:40:48,우별양,右別養,"2799, 4199",건물,동궐도,
2024. 5. 16 오후 5:41:10,좌별양,左別養,"2733, 4226",건물,동궐도,
2024. 5. 16 오후 5:42:12,칭기,稱機,"2772, 4173",칭기,동궐도,
2024. 5. 16 오후 5:43:52,정(우물),井,"2702, 4164",우물,동궐도,
2024. 5. 16 오후 5:45:56,좌추두간,左蒭豆間,"2702, 4216",건물,동궐도,
2024. 5. 16 오후 5:49:48,금루각(보루각)기,禁漏閣基,"2444, 4122",금루각기,동궐도,
2024. 5. 16 오후 5:50:26,금루관직소,禁漏官直所,"2414, 4176",건물,동궐도,
2024. 5. 16 오후 5:51:01,금루서원방,禁漏書員房,"2470, 4149",건물,동궐도,
2024. 5. 16 오후 5:51:20,누수간,漏水間,"2461, 4174",건물,동궐도,
2024. 5. 17 오전 8:52:40,소동문,小東門,"2827, 4427",문,동궐도,
2024. 5. 17 오전 8:53:31,마량고,馬粮庫,"2819, 4303",건물,동궐도,
2024. 5. 17 오전 8:53:56,마랑,馬廊,"2755, 4360",건물,동궐도,
2024. 5. 17 오전 8:54:47,우추두간,右蒭豆間,"2706, 4350",건물,동궐도,
2024. 5. 17 오전 8:55:19,정(우물),井,"2703, 4312",우물,동궐도,
2024. 5. 17 오전 8:55:44,이마방,理馬房,"2662, 4434",건물,동궐도,
2024. 5. 17 오전 8:56:20,마랑,馬廊,"2662, 4337",건물,동궐도,
2024. 5. 17 오전 8:57:41,오위도총부,五衛都摠府,"2454, 4359",건물,동궐도,
2024. 5. 17 오전 10:07:57,경화문,景化門,"2431, 4422",문,동궐도,
2024. 5. 17 오전 10:09:51,북소,北所,"2439, 4805",건물,동궐도,
2024. 5. 17 오전 10:10:08,동소,東所,"2461, 4783",건물,동궐도,
2024. 5. 17 오전 10:10:38,부장청,部將㕔,"2540, 4719",건물,동궐도,
2024. 5. 17 오전 10:11:09,수문장청,守門將㕔,"2566, 4694",건물,동궐도,
2024. 5. 17 오전 10:14:12,집복헌,集福軒,"1446, 4843",건물,동궐도,
2024. 5. 17 오전 10:16:22,주합루,宙合樓,"670, 4479",건물,동궐도,
2024. 5. 17 오전 10:17:37,어수문,魚水門,"764, 4456",문,동궐도,
2024. 5. 17 오전 10:19:07,당(연못),塘,"852, 4340",연못,동궐도,
2024. 5. 17 오전 10:20:54,부용정,芙蓉亭,"866, 4292",건물,동궐도,
2024. 5. 17 오전 10:24:39,서향각,書香閣,"718, 4269",건물,동궐도,
2024. 5. 17 오전 10:25:10,고(곳간),庫,"577, 4434",건물,동궐도,
2024. 5. 17 오전 10:25:34,수궁,守宮,"541, 4460",건물,동궐도,
2024. 5. 17 오전 10:26:14,의춘문,宜春門,"882, 4555",문,동궐도,
2024. 5. 17 오전 10:26:56,천석정,千石亭,"665, 4619",건물,동궐도,
2024. 5. 17 오전 10:44:51,개금재,開錦齋,"559, 4196",건물,동궐도,
2024. 5. 17 오전 10:49:10,연경당,演慶堂,"574, 4052",건물,동궐도,
2024. 5. 17 오후 1:06:29,전사청,典祀㕔,"458, 1773",건물,동궐도,
2024. 5. 17 오후 1:06:59,재생청,宰牲㕔,"521, 1775",건물,동궐도,
2024. 5. 17 오후 1:07:28,낙생청,樂生㕔,"576, 1689",건물,동궐도,
2024. 5. 17 오후 1:08:18,향실,香室,"603, 1855",건물,동궐도,
2024. 5. 17 오후 1:08:51,수직관직소,守直官直所,"641, 1818",건물,동궐도,
2024. 5. 17 오후 1:09:47,수문장직소,守門將直所,"892, 1906",건물,동궐도,
2024. 5. 17 오후 1:10:18,공북문,拱北門,"678, 1889",문,동궐도,
2024. 5. 17 오후 1:12:03,요금문,曜金門,"914, 1801",문,동궐도,
2024. 5. 17 오후 1:12:34,수각,水閣,"1027, 1628",건물,동궐도,
2024. 5. 17 오후 1:12:55,태추문,泰秋門,"1062, 1745",문,동궐도,
2024. 5. 17 오후 1:13:33,수궁,守宮,"1110, 1816",건물,동궐도,
2024. 5. 17 오후 1:15:01,수라간,水刺間,"1129, 1697",건물,동궐도,
2024. 5. 17 오후 1:15:58,연화문,延和門,"1178, 1607",문,동궐도,
2024. 5. 17 오후 1:16:44,영모당,永慕堂,"1196, 1822",건물,동궐도,
2024. 5. 17 오후 1:17:12,승교문,承敎門,"1283, 1702",문,동궐도,
2024. 5. 17 오후 2:04:54,생물방,生物房,"1317, 1670",건물,동궐도,
2024. 5. 17 오후 2:05:36,집경문,集慶門,"1300, 1546",문,동궐도,
2024. 5. 17 오후 2:07:40,단화문,端和門,"1611, 1634",문,동궐도,
2024. 5. 17 오후 2:08:11,영경문,永慶門,"1654, 1561",문,동궐도,
2024. 5. 17 오후 2:08:34,단양문,丹陽門,"1677, 1583",문,동궐도,
2024. 5. 17 오후 2:09:23,정(우물),井,"1436, 1904",우물,동궐도,
2024. 5. 17 오후 2:09:51,풍기석,風旗石,"1455, 1877",풍기석,동궐도,
2024. 5. 17 오후 2:11:28,관광청,觀光廳,"1860, 1908",건물,동궐도,
2024. 5. 17 오후 2:12:14,집극문,集極門,"1808, 1920",문,동궐도,
2024. 5. 17 오후 2:14:08,주방,廚房,"1451, 1389",건물,동궐도,
2024. 5. 17 오후 2:15:21,주방,廚房,"1429, 1544",건물,동궐도,
2024. 5. 17 오후 2:15:49,정(우물),井,"1496, 1456",우물,동궐도,
2024. 5. 17 오후 2:16:23,숙경재,肅敬齋,"1627, 1233",건물,동궐도,
2024. 5. 17 오후 2:16:50,영휘문,永輝門,"1676, 1404",문,동궐도,
2024. 5. 17 오후 2:17:18,정숙문,正肅門,"1794, 1200",문,동궐도,
2024. 5. 17 오후 2:17:52,양지당,養志堂,"1846, 1403",건물,동궐도,
2024. 5. 17 오후 2:18:16,만안문,萬安門,"1873, 1473",문,동궐도,
2024. 5. 17 오후 2:18:41,만수문,萬壽門,"1762, 1506",문,동궐도,
2024. 5. 17 오후 2:20:35,억석루,憶昔樓,"1904, 1056",건물,동궐도,
2024. 5. 17 오후 2:20:55,정(우물),井,"1856, 1122",우물,동궐도,
2024. 5. 17 오후 2:23:32,영의사,永依舍,"1961, 1181",건물,동궐도,
2024. 5. 17 오후 2:24:24,정(우물),井,"2438, 1602",우물,동궐도,
2024. 5. 17 오후 2:26:05,경봉각,敬奉閣,"401, 2038",건물,동궐도,
2024. 5. 17 오후 2:26:49,황단(대보단),皇壇,"393, 2233",건물,동궐도,
2024. 5. 17 오후 2:28:19,열천문,冽泉門,"564, 2015",문,동궐도,
2024. 5. 17 오후 2:28:49,정(우물),井,"662, 2061",우물,동궐도,
2024. 5. 17 오후 2:29:13,조종문,朝宗門,"603, 2240",문,동궐도,
2024. 5. 17 오후 2:29:42,한려청,漢旅廳,"687, 2238",건물,동궐도,
2024. 5. 17 오후 2:30:03,명례문,明禮門,"738, 2162",문,동궐도,
2024. 5. 17 오후 2:31:12,정(우물),井,"844, 2184",우물,동궐도,
2024. 5. 17 오후 2:33:06,중일각,中日閣,"980, 2052",건물,동궐도,
2024. 5. 17 오후 2:36:31,습취헌,拾翠軒,"1251, 2199",건물,동궐도,
2024. 5. 17 오후 2:37:07,경복전기,景福殿基,"1358, 1966",경복전기,동궐도,
2024. 5. 17 오후 2:38:02,대명문,大明門,"1401, 2046",문,동궐도,
2024. 5. 17 오후 2:38:31,창송헌,蒼松軒,"1175, 2305",건물,동궐도,
2024. 5. 17 오후 2:40:48,애련정기,愛蓮亭基,"1410, 1985",애련정기,동궐도,
2024. 5. 17 오후 2:41:22,영벽문,暎碧門,"1448, 1982",문,동궐도,
2024. 5. 17 오후 2:42:51,보경당,寶慶堂,"1730, 2104",건물,동궐도,
2024. 5. 17 오후 2:45:32,동춘문,同春門,"1534, 2265",문,동궐도,
2024. 5. 17 오후 2:45:57,요화문,曜華門,"1546, 2328",문,동궐도,
2024. 5. 18 오전 9:05:34,봉실,奉室,"412, 2357",건물,동궐도,
2024. 5. 18 오전 9:06:18,영숭문,永崇門,"259, 2676",문,동궐도,
2024. 5. 18 오전 9:07:42,당(연못),塘,"563, 2486",연못,동궐도,
2024. 5. 18 오전 9:11:37,서소위장직소,西所衛將直所,"808, 2689",건물,동궐도,
2024. 5. 18 오전 9:13:11,요서문,耀瑞門,"1067, 2535",문,동궐도,
2024. 5. 18 오전 9:13:49,정(우물),井,"1286, 2558",우물,동궐도,
2024. 5. 18 오전 9:14:23,영훈문,迎薰門,"1308, 2578",문,동궐도,
2024. 5. 18 오전 9:14:55,정지문,正智門,"1355, 2471",문,동궐도,
2024. 5. 18 오전 9:19:34,내금위직소,內禁衛直所,"806, 2752",건물,동궐도,
2024. 5. 18 오전 9:20:54,부군당,府君堂,"482, 3066",건물,동궐도,
2024. 5. 18 오전 9:22:45,읍청문,挹淸門,"1093, 2873",문,동궐도,
2024. 5. 18 오전 9:23:28,수정문,壽靜門,"1149, 2949",문,동궐도,
2024. 5. 18 오전 9:24:25,금광문,琴光門,"1206, 2896",문,동궐도,
2024. 5. 18 오전 9:24:50,현무문,玄武門,"1188, 3017",문,동궐도,
2024. 5. 18 오전 9:26:09,숙청문,肅淸門,"1306, 2759",문,동궐도,
2024. 5. 18 오전 9:26:35,★양문,★陽門,"1344, 2779",문,동궐도,
2024. 5. 18 오전 9:28:20,옥천,玉泉,"1439, 2959",옥천,동궐도,
2024. 5. 18 오전 9:29:56,★★문,★★門,"1646, 2762",문,동궐도,
2024. 5. 18 오전 9:30:43,여춘문,麗春門,"1540, 3077",문,동궐도,
2024. 5. 18 오후 5:48:20,중춘문,重春門,"2388, 3518",문,동궐도,김수민
2024. 5. 18 오후 5:49:06,근취헌,近翠軒,"2374, 3557",건물,동궐도,김수민
2024. 5. 18 오후 5:49:28,용안문,容安門,"2347, 3630",문,동궐도,김수민
2024. 5. 18 오후 5:50:11,근취문,近翠門,"2343, 3592",문,동궐도,
2024. 5. 18 오후 5:50:47,서제문,西濟門,"2312, 3706",문,동궐도,김수민
2024. 5. 18 오후 5:51:09,객용재,客容齋,"2322, 3749",건물,동궐도,김수민
2024. 5. 18 오후 5:52:32,객안재,客安齋,"2319, 3742",건물,동궐도,김수민
2024. 5. 18 오후 5:53:08,동정문,東井門,"2294, 3827",문,동궐도,김수민
2024. 5. 18 오후 5:53:43,취운정,翠雲亭,"2009, 3841",건물,동궐도,김수민
2024. 5. 18 오후 5:54:40,함일문,涵一門,"2166, 3612",문,동궐도,
2024. 5. 18 오후 5:55:04,취운문,翠雲門,"2136, 3528",문,동궐도,김수민
2024. 5. 18 오후 5:56:55,최여실,磪如室,"1989, 3525",건물,동궐도,
2024. 5. 18 오후 5:57:58,서화문,瑞和門,"1277, 3297",문,동궐도,김수민
2024. 5. 18 오후 5:58:24,봉모당,奉謨堂,"1006, 3242",건물,동궐도,
2024. 5. 18 오후 5:58:40,운한문,雲漢門,"1059, 3216",문,동궐도,
2024. 5. 27 오전 12:57:42,서암사,西岩寺,"628, 449",건물,수선전도,
2024. 6. 6 오후 2:32:35,선공감,繕工監,"1604, 561",건물,수선전도,
2024. 6. 6 오후 2:33:18,동산정,東山亭,"1590, 537",건물,수선전도,
2024. 6. 6 오후 2:35:30,경주인정,京主人井,"1601, 516",건물,수선전도,
2024. 6. 6 오후 2:35:49,서학,西學,"1645, 573",건물,수선전도,
2024. 6. 6 오후 2:36:17,여경방,餘慶坊,"1636, 530",지명,수선전도,
2024. 6. 6 오후 2:36:50,명례궁,明禮宮,"1665, 524",건물,수선전도,
2024. 6. 6 오후 2:37:38,상림원,上林苑,"1597, 437",지명,수선전도,
2024. 6. 6 오후 2:38:09,대정동,大貞洞,"1738, 528",지명,수선전도,
2024. 6. 6 오후 2:38:35,누국동,漏局洞,"1757, 567",지명,수선전도,
2024. 6. 6 오후 2:39:06,취현동,聚賢洞,"1807, 581",지명,수선전도,
2024. 6. 6 오후 2:39:37,관정동,館井洞,"1799, 526",지명,수선전도,
2024. 6. 6 오후 2:40:18,대평관,大平館,"1863, 571",건물,수선전도,
2024. 6. 6 오후 2:41:07,칠간병,七間屛,"1937, 531",미상,수선전도,
2024. 6. 6 오후 2:41:41,황화방,皇華坊,"1726, 446",지명,수선전도,
2024. 6. 6 오후 2:42:18,확교,確橋,"1769, 470",건물,수선전도,
2024. 6. 6 오후 2:42:57,선혜신창,宣惠新倉,"1847, 471",건물,수선전도,
2024. 6. 6 오후 2:43:24,양생방,養生坊,"1884, 495",지명,수선전도,
2024. 6. 6 오후 2:44:11,선무사,宣武祠,"1909, 477",건물,수선전도,
2024. 6. 6 오후 2:44:46,숭례문,崇禮門,"1983, 497",문,수선전도,
2024. 6. 6 오후 2:45:24,돈의문,敦義門,"1575, 342",문,수선전도,
2024. 6. 6 오후 2:45:57,소의문,昭義門,"1794, 409",문,수선전도,
2024. 6. 6 오후 2:47:55,우수현,牛首峴,"2120, 569",지명,수선전도,
2024. 6. 6 오후 2:48:15,남묘,南廟,"2091, 492",건물,수선전도,
2024. 6. 6 오후 2:48:40,남단,南壇,"2153, 481",건물,수선전도,
2024. 6. 6 오후 2:49:17,주교,舟橋,"2119, 421",건물,수선전도,
2024. 6. 6 오후 2:49:56,마조미동,磨造米洞,"2055, 420",지명,수선전도,
2024. 6. 6 오후 2:51:00,염초교,焰硝橋,"2004, 407",건물,수선전도,
2024. 6. 6 오후 2:51:31,남정동,藍井洞,"1968, 389",지명,수선전도,
2024. 6. 6 오후 2:52:21,경주인정동,京主人井洞,"1927, 367",지명,수선전도,
2024. 6. 6 오후 2:53:30,반석방,盤石坊,"1881, 347",지명,수선전도,
2024. 6. 6 오후 2:53:59,양동,羊洞,"2014, 499",지명,수선전도,
2024. 6. 6 오후 2:54:17,남지,南池,"2004, 471",지명,수선전도,
2024. 6. 6 오후 2:54:43,순청동,巡廳洞,"1953, 428",지명,수선전도,
2024. 6. 6 오후 2:55:28,자연암,紫烟岩,"1915, 388",지명,수선전도,
2024. 6. 6 오후 2:55:47,야동,冶洞,"1860, 393",지명,수선전도,
2024. 6. 6 오후 2:56:23,개정동,蓋井洞,"1830, 357",지명,수선전도,
2024. 6. 6 오후 2:58:23,연화봉,蓮花峰,"2114, 302",지명,수선전도,
2024. 6. 6 오후 2:58:42,대현,大峴,"2093, 269",지명,수선전도,
2024. 6. 6 오후 2:59:10,청파,靑坡,"2092, 370",지명,수선전도,
2024. 6. 6 오후 2:59:37,만리현,萬里峴,"2047, 313",지명,수선전도,
2024. 6. 6 오후 3:00:09,조전계,租田契,"1999, 297",지명,수선전도,
2024. 6. 6 오후 3:00:40,모립동,毛笠洞,"2024, 348",지명,수선전도,
2024. 6. 6 오후 3:01:05,한림동,翰林洞,"1945, 326",지명,수선전도,
2024. 6. 6 오후 3:01:21,약현,藥峴,"1930, 294",지명,수선전도,
2024. 6. 6 오후 3:01:48,합동,蛤洞,"1834, 262",지명,수선전도,
2024. 6. 6 오후 3:02:21,공덕리,孔德里,"2044, 196",지명,수선전도,
2024. 6. 6 오후 3:03:17,옹막,瓮幕,"2076, 173",지명,수선전도,
2024. 6. 6 오후 3:03:44,현석리,玄石里,"2017, 131",지명,수선전도,
2024. 6. 6 오후 3:04:05,노고산,老姑山,"1969, 157",지명,수선전도,
2024. 6. 6 오후 3:04:25,서활인서,西活人署,"1896, 178",건물,수선전도,
2024. 6. 6 오후 3:04:42,서강,西江,"1943, 111",지명,수선전도,
2024. 6. 6 오후 3:05:09,광흥창,廣興倉,"1919, 108",건물,수선전도,
2024. 6. 6 오후 3:05:29,와우산,臥牛山,"1901, 102",지명,수선전도,
2024. 6. 6 오후 3:05:48,창천,倉川,"1865, 156",지명,수선전도,
2024. 6. 6 오후 3:06:28,양화진,楊花鎭,"1838, 94",지명,수선전도,
2024. 6. 6 오후 3:06:55,망원정,望遠亭,"1782, 83",건물,수선전도,
2024. 6. 6 오후 3:07:17,성산리,城山里,"1694, 61",지명,수선전도,
2024. 6. 6 오후 3:07:59,세교리,細橋里,"1746, 115",지명,수선전도,
2024. 6. 6 오후 3:09:43,이교,圯橋,"1793, 305",건물,수선전도,
2024. 6. 6 오후 3:10:16,거동,車洞,"1754, 353",지명,수선전도,
2024. 6. 6 오후 3:10:35,신교,新橋,"1710, 321",건물,수선전도,
2024. 6. 6 오후 3:10:54,미동,尾洞,"1669, 264",지명,수선전도,
2024. 6. 6 오후 3:11:23,고마청,雇馬廳,"1634, 333",건물,수선전도,
2024. 6. 6 오후 3:11:46,경교,京橋,"1598, 315",건물,수선전도,
2024. 6. 6 오후 3:12:08,유동,鍮洞,"1613, 268",지명,수선전도,
2024. 6. 6 오후 3:12:38,팔각정,八角亭,"1591, 227",건물,수선전도,
2024. 6. 6 오후 3:13:02,필원,筆苑,"1749, 200",지명,수선전도,
2024. 6. 6 오후 3:13:51,선희묘,宣禧墓,"1693, 118",지명,수선전도,
2024. 6. 6 오후 3:14:21,의소묘,懿昭墓,"1652, 153",지명,수선전도,
2024. 6. 6 오후 3:14:43,원현,圓峴,"1586, 164",지명,수선전도,
2024. 6. 6 오후 3:15:21,기영,圻營,"1574, 289",건물,수선전도,
2024. 6. 6 오후 3:15:48,평동,平洞,"1543, 289",지명,수선전도,
2024. 6. 6 오후 3:16:09,냉동,冷洞,"1530, 244",지명,수선전도,
2024. 6. 6 오후 3:16:30,연희궁,延禧宮,"1476, 82",건물,수선전도,
2024. 6. 6 오후 3:17:04,천연정,天然亭,"1484, 226",건물,수선전도,
2024. 6. 6 오후 3:17:22,지(연못),池,"1498, 250",건물,수선전도,
2024. 6. 6 오후 4:04:52,모화관,慕華館,"1421, 249",건물,수선전도,
2024. 6. 6 오후 4:05:28,영은문,迎恩門,"1425, 279",문,수선전도,
2024. 6. 6 오후 4:05:59,소십현,小十峴,"1229, 217",지명,수선전도,
2024. 6. 6 오후 4:06:21,홍제원,弘濟院,"1209, 245",건물,수선전도,
2024. 6. 6 오후 4:06:51,답동,畓洞,"1079, 127",지명,수선전도,
2024. 6. 6 오후 4:07:14,미륵,彌勒,"1126, 219",미상,수선전도,
2024. 6. 6 오후 4:07:55,병전가,餠廛街,"1065, 185",지명,수선전도,
2024. 6. 6 오후 4:08:38,녹반현,綠礬峴,"979, 180",지명,수선전도,
2024. 6. 6 오후 4:09:17,한북문,漢北門,"940, 333",문,수선전도,
2024. 6. 6 오후 4:10:04,금선사,金仙寺,"829, 326",건물,수선전도,
2024. 6. 6 오후 4:10:43,총신영,摠新營,"875, 361",건물,수선전도,
2024. 6. 6 오후 4:11:07,조지서,造紙署,"903, 393",건물,수선전도,
2024. 6. 6 오후 4:14:52,평창,平倉,"860, 441",건물,수선전도,
2024. 6. 6 오후 4:16:08,원각사,圓覺寺,"680, 526",건물,수선전도,
2024. 6. 6 오후 4:17:25,중흥사,重興寺,"624, 712",건물,수선전도,
2024. 6. 6 오후 4:17:42,태고사,太古寺,"623, 766",건물,수선전도,
2024. 6. 6 오후 4:18:08,승성암,承成庵,"588, 829",건물,수선전도,
2024. 6. 6 오후 4:18:54,휴암,鵂岩,"839, 921",지명,수선전도,
2024. 6. 6 오후 4:19:25,화계사,花溪寺,"653, 1137",건물,수선전도,
2024. 6. 6 오후 4:19:43,정릉,貞陵,"741, 1225",지명,수선전도,
2024. 6. 6 오후 4:20:02,신흥사,新興寺,"884, 1411",건물,수선전도,
2024. 6. 6 오후 4:20:28,응봉,鷹峯,"839, 1087",지명,수선전도,
2024. 6. 6 오후 4:21:18,적유현,狄踰峴,"1001, 1598",지명,수선전도,
2024. 6. 6 오후 4:21:38,승방,僧房,"1205, 1587",건물,수선전도,
2024. 6. 6 오후 4:22:15,영미정동,永美亭洞,"1321, 1610",지명,수선전도,
2024. 6. 6 오후 4:22:41,흥인문,興仁門,"1491, 1539",문,수선전도,
2024. 6. 6 오후 4:23:02,숭신방,崇信坊,"1423, 1584",지명,수선전도,
2024. 6. 6 오후 4:28:00,수직방,守直房,"619, 1845",건물,동궐도,
2024. 6. 6 오후 4:31:05,집성문,集成門,"200, 3376",문,동궐도,
2024. 6. 6 오후 4:31:33,능허정,凌虛亭,"245, 3425",건물,동궐도,
2024. 6. 6 오후 4:32:46,사가정,四佳亭,"313, 3739",건물,동궐도,
2024. 6. 6 오후 4:34:11,수직간,守直間,"735, 3792",건물,동궐도,
2024. 6. 6 오후 4:34:34,서고,西庫,"843, 3722",건물,동궐도,
2024. 6. 6 오후 4:35:27,열고관,閱古觀,"914, 3847",건물,동궐도,
2024. 6. 6 오후 4:36:12,개유와,皆有窩,"937, 3815",건물,동궐도,
2024. 6. 6 오후 4:38:17,예필,睿筆,"489, 3755",미상,동궐도,
2024. 6. 6 오후 4:38:33,예필,"441, 3653","441, 3653",미상,동궐도,
2024. 6. 6 오후 4:39:41,산단,山壇,"417, 3856",건물,동궐도,
2024. 6. 6 오후 4:40:26,청의정,淸漪亭,"115, 4227",건물,동궐도,
2024. 6. 6 오후 4:41:05,옥류천,玉流川,"225, 4236",건물,동궐도,
2024. 6. 6 오후 4:41:58,취규정,聚奎亭,"365, 4251",건물,동궐도,
2024. 6. 6 오후 4:42:32,취한정,翠寒亭,"314, 4402",건물,동궐도,
2024. 6. 6 오후 4:43:15,소요정,逍遙亭,"225, 4299",건물,동궐도,
2024. 6. 6 오후 4:43:43,농산정,籠山亭,"204, 4407",건물,동궐도,
2024. 6. 6 오후 4:44:09,태극정,太極亭,"133, 4331",건물,동궐도,
2024. 6. 6 오후 4:44:44,건무문,建武門,"22, 4628",문,동궐도,
2024. 6. 6 오후 4:47:23,애련정,愛蓮亭,"559, 4843",건물,동궐도,
2024. 6. 6 오후 4:48:17,금마문,金馬門,"653, 4839",문,동궐도,
2024. 6. 6 오후 4:50:04,운림거,韻𥓙居,"681, 4713",건물,동궐도,
2024. 6. 6 오후 4:52:49,당(연못),塘,"713, 4935",미상,동궐도,
2024. 6. 6 오후 4:54:50,불운문,拂雲門,"681, 4665",문,동궐도,
2024. 6. 6 오후 4:59:03,운회헌,雲繪軒,"627, 4109",건물,동궐도,
2024. 6. 6 오후 5:00:16,축화관,祝華觀,"597, 4077",건물,동궐도,
2024. 6. 6 오후 5:00:45,장락문,長樂門,"635, 4001",문,동궐도,
2024. 6. 6 오후 5:01:20,희우정,喜雨亭,"666, 4197",건물,동궐도,
2024. 6. 6 오후 5:01:44,희우문,喜雨門,"669, 4172",문,동궐도,
2024. 6. 6 오후 5:02:15,서성문,西成門,"729, 4091",문,동궐도,
2024. 6. 6 오후 5:02:41,정(우물),井,"776, 4153",미상,동궐도,
2024. 6. 6 오후 5:03:15,비각,碑閣,"811, 4104",건물,동궐도,
2024. 6. 6 오후 5:05:04,공신문,拱宸門,"716, 3903",문,동궐도,
2024. 6. 6 오후 5:06:33,국출신번소,局出身番所,"677, 3304",건물,동궐도,
2024. 6. 6 오후 5:07:06,국별장직소,局別將直所,"696, 3431",건물,동궐도,
2024. 6. 6 오후 5:07:36,국출신번소,局出身番所,"760, 3339",건물,동궐도,
2024. 6. 6 오후 5:08:08,영숙문,永肅門,"803, 3389",문,동궐도,
2024. 6. 6 오후 5:10:28,위장직소,衛將直所,"801, 2720",건물,동궐도,
2024. 6. 6 오후 5:13:57,측간,厠間,"1119, 1607",건물,동궐도,
2024. 6. 6 오후 5:18:23,선원전,璿源殿,"1753, 1310",건물,동궐도,
2024. 6. 6 오후 5:27:23,수정전,壽靜殿,"1122, 2713",건물,동궐도,
2024. 6. 6 오후 5:28:36,취미문,翠微門,"1185, 3418",문,동궐도,
2024. 6. 6 오후 5:29:46,화악문,花萼門,"1249, 3341",문,동궐도,
2024. 6. 6 오후 5:30:18,취화문,翠華門,"1285, 3333",문,동궐도,
2024. 6. 6 오후 5:31:31,방화문,訪花門,"1157, 3622",문,동궐도,
2024. 6. 6 오후 5:32:17,환취정,環翠亭,"1209, 3821",건물,동궐도,
2024. 6. 6 오후 5:34:37,병경문,炳景門,"1176, 3705",문,동궐도,
2024. 6. 6 오후 5:35:32,정(우물),井,"1479, 3781",미상,동궐도,
2024. 6. 6 오후 5:35:49,당(연못),塘,"1547, 3741",미상,동궐도,
2024. 6. 6 오후 5:36:16,정(우물),井,"1753, 3865",미상,동궐도,
2024. 6. 6 오후 5:36:51,길상문,吉祥門,"1898, 3656",문,동궐도,
2024. 6. 6 오후 5:37:21,염고,塩庫,"1793, 3518",건물,동궐도,
2024. 6. 6 오후 5:37:48,염고,塩庫,"1669, 3511",건물,동궐도,
2024. 6. 6 오후 5:38:26,함원문,含元門,"1851, 3449",문,동궐도,
2024. 6. 6 오후 5:39:06,주작문,朱雀門,"1741, 3304",문,동궐도,
2024. 6. 6 오후 5:39:43,여화문,麗華門,"1839, 3251",문,동궐도,
2024. 6. 6 오후 5:40:30,저방실,貯芳室,"1859, 3183",건물,동궐도,
2024. 6. 6 오후 5:41:06,매요,每要,"1903, 3133",건물,동궐도,
2024. 6. 6 오후 5:41:18,매요,"1867, 3106","1867, 3106",건물,동궐도,
2024. 6. 6 오후 5:41:44,건인문,建仁門,"1799, 3172",문,동궐도,
2024. 6. 6 오후 5:42:16,영안문,迎雁門,"1727, 3186",문,동궐도,
2024. 6. 6 오후 5:42:50,교자방,轎子房,"1659, 3113",건물,동궐도,
2024. 6. 6 오후 5:43:30,고간(곳간),庫間,"1464, 3115",건물,동궐도,
2024. 6. 6 오후 5:44:34,유덕당,維德堂,"1863, 3017",건물,동궐도,
2024. 6. 6 오후 5:45:04,봉래문,蓬萊門,"1834, 2959",문,동궐도,
2024. 6. 6 오후 5:46:53,죽엽루,竹葉樓,"1830, 2886",건물,동궐도,
2024. 6. 6 오후 5:47:41,망춘문,望春門,"1729, 2865",문,동궐도,
2024. 6. 6 오후 5:48:38,응경문,凝慶門,"1701, 2915",문,동궐도,
2024. 6. 7 오후 4:17:59,집의문,集義門,"1761, 4175",문,동궐도,
2024. 6. 7 오후 4:19:19,풍순헌,風淳軒,"1904, 4002",건물,동궐도,
2024. 6. 7 오후 4:20:06,집★문,集★門,"1893, 4029",문,동궐도,
2024. 6. 7 오후 4:20:42,거인문,居仁門,"1901, 4046",문,동궐도,
2024. 6. 7 오후 4:22:16,소주방,燒廚房,"1605, 4198",건물,동궐도,
2024. 6. 7 오후 4:23:38,체원합,體元閤,"1504, 4271",건물,동궐도,
2024. 6. 7 오후 4:24:26,정(우물),井,"1435, 4320",미상,동궐도,
2024. 6. 7 오후 4:24:48,정(우물),井,"1505, 4319",미상,동궐도,
2024. 6. 7 오후 4:25:34,조★문,朝★門,"1493, 4383",문,동궐도,
2024. 6. 7 오후 4:26:01,연희당,延禧堂,"1501, 4428",건물,동궐도,
2024. 6. 7 오후 4:26:29,수라간,水刺間,"1592, 4331",건물,동궐도,
2024. 6. 7 오후 4:27:02,연춘헌,延春軒,"1563, 4550",건물,동궐도,
2024. 6. 7 오후 4:27:28,만춘문,萬春門,"1602, 4517",문,동궐도,
2024. 6. 7 오후 4:28:05,경선문,慶善門,"1606, 4582",문,동궐도,
2024. 6. 7 오후 4:28:38,정(우물),井,"1654, 4373",미상,동궐도,
2024. 6. 7 오후 4:29:29,환경전,歡慶殿,"1700, 4314",건물,동궐도,
2024. 6. 7 오후 4:29:57,영상문,永祥門,"1774, 4387",문,동궐도,
2024. 6. 7 오후 4:30:35,소주방,燒廚房,"1818, 4358",건물,동궐도,
2024. 6. 7 오후 4:31:04,개광문,開廣門,"1822, 4300",문,동궐도,
2024. 6. 7 오후 4:31:49,수라간,水刺間,"1870, 4320",건물,동궐도,
2024. 6. 7 오후 4:32:18,함안합,咸安閤,"1885, 4300",건물,동궐도,
2024. 6. 7 오후 4:32:54,진덕문,進德門,"1858, 4524",문,동궐도,
2024. 6. 7 오후 4:33:19,홍교문,弘敎門,"1875, 4560",문,동궐도,
2024. 6. 7 오후 4:34:22,관광청,觀光廳,"1905, 4522",건물,동궐도,
2024. 6. 7 오후 4:37:29,자경전,慈慶殿,"1101, 4179",건물,동궐도,
2024. 6. 7 오후 4:38:00,실경문,實慶門,"1175, 4041",문,동궐도,
2024. 6. 7 오후 4:38:23,흥경문,興慶門,"1170, 4003",문,동궐도,
2024. 6. 7 오후 4:38:51,자경문,慈慶門,"1242, 4078",문,동궐도,
2024. 6. 7 오후 4:39:18,납청문,納淸門,"1326, 4084",문,동궐도,
2024. 6. 7 오후 4:39:46,열천,冽泉,"1381, 3907",미상,동궐도,
2024. 6. 7 오후 4:40:04,정(우물),井,"1398, 3901",미상,동궐도,
2024. 6. 7 오후 4:40:39,적경문,積慶門,"1035, 4253",문,동궐도,
2024. 6. 7 오후 4:41:31,광선문,光善門,"947, 4388",문,동궐도,
2024. 6. 7 오후 4:42:49,영화문,暎花門,"941, 4487",문,동궐도,
2024. 6. 7 오후 4:43:19,육경문,毓慶門,"1237, 4335",문,동궐도,
2024. 6. 7 오후 4:44:11,염고,塩庫,"1185, 4649",건물,동궐도,
2024. 6. 7 오후 4:44:55,양화당,養和堂,"1348, 4423",건물,동궐도,
2024. 6. 7 오후 4:45:35,★천문,★天門,"1378, 4658",문,동궐도,
2024. 6. 7 오후 4:46:44,건례당,建禮堂,"1060, 5038",건물,동궐도,
2024. 6. 7 오후 4:47:15,연화문,延和門,"1288, 5003",문,동궐도,
2024. 6. 7 오후 4:48:26,용부문,用敷門,"1484, 4766",문,동궐도,
2024. 6. 7 오후 4:48:55,영춘헌,迎春軒,"1508, 4902",건물,동궐도,
2024. 6. 7 오후 4:49:22,장경문,長慶門,"1457, 4941",문,동궐도,
2024. 6. 7 오후 4:49:47,천오문,千五門,"1607, 4923",문,동궐도,
2024. 6. 7 오후 4:50:49,교태문,交泰門,"1798, 4832",문,동궐도,
2024. 6. 7 오후 4:51:34,가응문,嘉應門,"1809, 4752",문,동궐도,
2024. 6. 7 오후 4:52:10,일화문,日華門,"1803, 4682",문,동궐도,
2024. 6. 7 오후 4:52:44,영청문,永淸門,"1866, 4824",문,동궐도,
2024. 6. 7 오후 4:53:14,연생문,延生門,"1821, 5035",문,동궐도,
2024. 6. 7 오후 4:54:26,숭지문,崇智門,"1859, 5054",문,동궐도,
2024. 6. 7 오후 4:54:50,광덕문,光德門,"1859, 5223",문,동궐도,
2024. 6. 7 오후 4:55:27,보정문,保定門,"1718, 5120",문,동궐도,
2024. 6. 7 오후 4:56:11,만팔문,萬八門,"1660, 5055",문,동궐도,
2024. 6. 7 오후 4:56:48,통덕문,通德門,"1490, 5373",문,동궐도,
2024. 6. 7 오후 4:57:14,연희문,延喜門,"1504, 5306",문,동궐도,
2024. 6. 7 오후 4:57:42,통화문,通和門,"1464, 5255",문,동궐도,
2024. 6. 7 오후 4:59:44,태안문,泰安門,"1487, 5170",문,동궐도,
2024. 6. 7 오후 5:01:10,수문장청,守門將廳,"1538, 5599",건물,동궐도,
2024. 6. 7 오후 5:01:37,통화문,通化門,"1514, 5619",문,동궐도,
2024. 6. 7 오후 5:02:03,선명문,宣明門,"1471, 5620",문,동궐도,
2024. 6. 7 오후 5:02:24,명광문,明光門,"1472, 5515",문,동궐도,
2024. 6. 7 오후 5:03:38,요화당,瑤華堂,"1267, 5202",건물,동궐도,
2024. 6. 7 오후 5:04:01,만보문,萬寶門,"1340, 5224",문,동궐도,
2024. 6. 7 오후 5:04:36,계월합,桂月閤,"1247, 5257",건물,동궐도,
2024. 6. 7 오후 5:05:17,영강문,永康門,"1125, 5418",문,동궐도,
2024. 6. 7 오후 5:06:34,고수원,古修院,"1069, 5292",건물,동궐도,
2024. 6. 7 오후 5:07:37,해온루,解慍樓,"1074, 5449",건물,동궐도,
2024. 6. 7 오후 5:08:02,관풍각,觀風閣,"1015, 5666",건물,동궐도,
2024. 6. 7 오후 5:08:33,수궁,守宮,"1153, 5783",건물,동궐도,
2024. 6. 7 오후 5:08:56,정(우물),井,"1158, 5494",미상,동궐도,
2024. 6. 7 오후 5:09:25,★오관,★五觀,"1226, 5462",건물,동궐도,
2024. 6. 7 오후 5:09:46,화초고,花草庫,"1247, 5515",건물,동궐도,
2024. 6. 7 오후 5:11:58,화청관,華淸觀,"2020, 3396",건물,동궐도,
2024. 6. 7 오후 5:12:27,보상문,寶相門,"2041, 3460",문,동궐도,
2024. 6. 7 오후 5:13:42,사금곽,寫琴廓,"1914, 3391",건물,동궐도,
2024. 6. 7 오후 5:15:23,태형문,泰亨門,"2445, 3721",문,동궐도,
2024. 6. 7 오후 5:16:10,집현문,集賢門,"2510, 3818",문,동궐도,
2024. 6. 7 오후 5:18:23,중광문,重光門,"2526, 2959",문,동궐도,
2024. 6. 7 오후 5:26:53,경훈각,景薰閣,"1481, 2625",건물,동궐도,
2024. 6. 7 오후 5:30:18,어필자선재,御筆資善齋,"1775, 3073",건물,동궐도,
2024. 6. 7 오후 5:33:34,연영합,延英閤,"1922, 3457",건물,동궐도,
2024. 6. 7 오후 5:34:30,천지장남지궁,天地長男之宮,"1921, 3549",건물,동궐도,
2024. 6. 7 오후 5:35:28,삼삼와,弎弎窩,"1999, 3072",건물,동궐도,
2024. 6. 7 오후 5:36:39,학몽합,鶴夢閤,"1919, 3478",건물,동궐도,
2024. 6. 7 오후 5:37:07,오운루,五雲樓,"1940, 3429",건물,동궐도,
2024. 6. 7 오후 5:38:10,수방재,漱芳齋,"1900, 3348",건물,동궐도,
2024. 6. 7 오후 5:39:22,문화각,文華閣,"1905, 3290",건물,동궐도,
2024. 6. 7 오후 5:42:25,문정전,文政殿,"2067, 4283",건물,동궐도,
2024. 6. 7 오후 5:52:34,조사간,曹司間,"1987, 1939",건물,동궐도,
2024. 6. 7 오후 5:52:58,선전관청,宣傳官廳,"1991, 1962",건물,동궐도,
2024. 6. 7 오후 6:10:19,춘당대(터),春塘臺,"811, 4889",건물,동궐도,
2024. 6. 7 오후 6:10:55,영화당,暎花堂,"805, 4635",건물,동궐도,
2024. 6. 7 오후 9:34:24,동학,東學,"1490, 1476",건물,수선전도,
2024. 6. 14 오후 4:14:48,어수당,魚水堂,"554, 4671",건물,동궐도,
2024. 6. 14 오후 4:29:58,칠분서,七分序,"2002, 3041",건물,동궐도,
2024. 6. 25 오후 6:43:08,혜화문,惠化門,"1087, 1477",문,수선전도,
2024. 6. 25 오후 6:44:42,타락산,駝駱山,"1214, 1441",지명,수선전도,
2024. 6. 25 오후 6:45:17,대군방,大君房,"1287, 1425",지명,수선전도,
2024. 6. 25 오후 6:46:34,양사인동,兩舍人洞,"1475, 1445",지명,수선전도,
2024. 6. 25 오후 6:49:37,어의동,於義洞,"1488, 1373",지명,수선전도,
2024. 6. 25 오후 6:51:11,연지,蓮池,"1488, 1346",지명,수선전도,
2024. 6. 25 오후 6:52:07,냉정동,冷井洞,"1419, 1337",지명,수선전도,
2024. 6. 25 오후 6:52:44,본궁,本宮,"1369, 1335",지명,수선전도,
2024. 6. 25 오후 6:53:56,장교,長橋,"1244, 1357",건물,수선전도,
2024. 6. 25 오후 6:54:58,광교,廣橋,"1149, 1333",건물,수선전도,
2024. 6. 25 오후 6:55:39,연지,蓮池,"1151, 1304",지명,수선전도,
2024. 6. 25 오후 6:56:35,숭교방,崇敎坊,"1085, 1297",지명,수선전도,
2024. 6. 25 오후 6:57:26,흥덕동,興德洞,"1036, 1301",지명,수선전도,
2024. 6. 25 오후 6:57:57,성균관,成均館,"1012, 1231",건물,수선전도,
2024. 6. 25 오후 7:00:24,관기교,觀旂橋,"1125, 1248",건물,수선전도,
2024. 6. 25 오후 7:00:59,경모궁,景慕宮,"1179, 1235",건물,수선전도,
2024. 6. 25 오후 7:02:03,함춘원,含春苑,"1246, 1233",건물,수선전도,
2024. 6. 25 오후 7:02:39,호동,壺洞,"1352, 1230",지명,수선전도,
2024. 6. 25 오후 7:03:09,과동,果洞,"1261, 1299",지명,수선전도,
2024. 6. 25 오후 7:03:59,연화방,蓮花坊,"1394, 1237",지명,수선전도,
2024. 6. 25 오후 7:05:18,연지동,蓮池洞,"1438, 1285",지명,수선전도,
2024. 6. 25 오후 7:06:24,이현,梨峴,"1518, 1196",지명,수선전도,
2024. 6. 25 오후 7:07:11,어영,御營,"1486, 1165",건물,수선전도,
2024. 6. 25 오후 7:08:15,동영,東營,"1446, 1193",건물,수선전도,
2024. 6. 25 오후 7:08:32,황교,黃橋,"1391, 1180",건물,수선전도,
2024. 6. 25 오후 7:09:02,상사동,相思洞,"1360, 1146",지명,수선전도,
2024. 6. 25 오후 7:10:23,선인문,宣仁門,"1282, 1142",문,수선전도,
2024. 6. 25 오후 7:10:54,홍화문,弘化門,"1237, 1129",문,수선전도,
2024. 6. 25 오후 7:11:15,통화문,通化門,"1181, 1132",문,수선전도,
2024. 6. 25 오후 7:11:41,창경궁,昌慶宮,"1201, 1110",건물,수선전도,
2024. 6. 25 오후 7:12:22,월근문,月覲門,"1141, 1168",문,수선전도,
2024. 6. 25 오후 7:12:53,집춘문,集春門,"1105, 1173",문,수선전도,
2024. 6. 25 오후 7:13:21,광지문,廣智門,"1013, 1097",문,수선전도,
2024. 6. 25 오후 7:14:05,공북문,拱北門,"1025, 961",문,수선전도,
2024. 6. 25 오후 7:14:53,경추문,景秋門,"1120, 997",문,수선전도,
2024. 6. 25 오후 7:15:25,요금문,曜金門,"1184, 980",문,수선전도,
2024. 6. 25 오후 7:15:42,창덕궁,昌德宮,"1175, 1033",건물,수선전도,
2024. 6. 25 오후 7:16:12,금호문,金虎門,"1235, 980",문,수선전도,
2024. 6. 25 오후 7:16:48,돈화문,敦化門,"1264, 993",문,수선전도,
2024. 6. 25 오후 7:17:13,단봉문,丹鳳門,"1265, 1037",문,수선전도,
2024. 6. 25 오후 7:17:55,태묘(종묘),太廟,"1430, 1100",건물,수선전도,
2024. 6. 25 오후 7:18:41,후정동,後井洞,"1474, 1120",지명,수선전도,
2024. 6. 25 오후 7:21:10,태전,太廛,"1484, 1083",건물,수선전도,
2024. 6. 25 오후 7:21:45,정동,井洞,"1511, 1088",지명,수선전도,
2024. 6. 25 오후 7:23:39,태묘동,太廟洞,"1494, 1040",지명,수선전도,
2024. 6. 25 오후 7:24:21,좌포도청,左捕,"1507, 1011",건물,수선전도,
2024. 6. 25 오후 7:25:55,한학동,漢學洞,"1465, 960",지명,수선전도,
2024. 6. 25 오후 7:26:26,누정동,樓井洞,"1440, 962",지명,수선전도,
2024. 6. 25 오후 7:26:52,마전동,麻田洞,"1388, 1042",지명,수선전도,
2024. 6. 25 오후 7:27:32,정선방,貞善坊,"1336, 1030",지명,수선전도,
2024. 6. 25 오후 7:28:54,교동,校洞,"1516, 923",지명,수선전도,
2024. 6. 25 오후 7:29:27,평시서,平市署,"1527, 911",건물,수선전도,
2024. 6. 25 오후 7:30:08,철교,鐵橋,"1530, 885",건물,수선전도,
2024. 6. 25 오후 7:30:32,탑동,塔洞,"1470, 896",지명,수선전도,
2024. 6. 25 오후 7:31:04,석정동,石井洞,"1405, 933",지명,수선전도,
2024. 6. 25 오후 7:32:07,동산정동,東山井洞,"1406, 865",지명,수선전도,
2024. 6. 25 오후 7:32:37,관인방,寬仁坊,"1372, 857",지명,수선전도,
2024. 6. 25 오후 7:33:55,대사동,大寺洞,"1503, 849",지명,수선전도,
2024. 6. 25 오후 7:34:27,견평방,堅平坊,"1510, 798",지명,수선전도,
2024. 6. 25 오후 7:35:08,전동,典洞,"1493, 812",지명,수선전도,
2024. 6. 25 오후 7:35:47,회화정동,檜花井洞,"1464, 813",지명,수선전도,
2024. 6. 25 오후 7:36:48,충훈부,忠勳府,"1332, 808",건물,수선전도,
2024. 6. 25 오후 7:38:03,의금부,義禁府,"1510, 766",건물,수선전도,
2024. 6. 25 오후 7:38:35,수진동,壽進洞,"1506, 723",지명,수선전도,
2024. 6. 25 오후 7:39:09,상사동,相思洞,"1514, 696",지명,수선전도,
2024. 6. 25 오후 7:39:32,수진방,壽進坊,"1462, 698",지명,수선전도,
2024. 6. 25 오후 7:39:55,수진궁,壽進宮,"1450, 721",건물,수선전도,
2024. 6. 25 오후 7:40:38,전석동,磚石洞,"1429, 752",지명,수선전도,
2024. 6. 25 오후 7:41:06,개정동,蓋井洞,"1498, 674",지명,수선전도,
2024. 6. 25 오후 7:41:42,제용감,濟用監,"1430, 717",건물,수선전도,
2024. 6. 25 오후 7:42:03,사복시,司僕寺,"1444, 683",건물,수선전도,
2024. 6. 25 오후 7:42:45,중학교,中學橋,"1407, 675",건물,수선전도,
2024. 6. 25 오후 7:43:06,중학,中學,"1384, 677",건물,수선전도,
2024. 6. 25 오후 7:43:30,사포서,司圃署,"1372, 715",건물,수선전도,
2024. 6. 25 오후 7:43:49,송현,松峴,"1344, 741",지명,수선전도,
2024. 6. 25 오후 7:44:38,십자교,十字橋,"1340, 690",건물,수선전도,
2024. 6. 25 오후 7:45:16,벽동,壁洞,"1293, 741",지명,수선전도,
2024. 6. 25 오후 7:45:41,사간원,司諫院,"1251, 706",건물,수선전도,
2024. 6. 25 오후 7:46:13,종부시,宗簿寺,"1200, 729",건물,수선전도,
2024. 6. 25 오후 7:46:56,장생전,長生殿,"1201, 708",건물,수선전도,
2024. 6. 25 오후 7:47:33,관광방,觀光坊,"1164, 704",지명,수선전도,
2024. 6. 25 오후 7:48:21,진장방,鎭長坊,"1115, 734",지명,수선전도,
2024. 6. 25 오후 7:48:53,장원서,掌苑署,"1086, 730",건물,수선전도,
2024. 6. 25 오후 7:50:30,창,倉,"1016, 730",건물,수선전도,
2024. 6. 25 오후 7:51:21,대은암,大隱岩,"1003, 659",지명,수선전도,
2024. 6. 25 오후 7:52:35,맹현,孟峴,"1114, 814",지명,수선전도,
2024. 6. 25 오후 7:53:06,안동,安洞,"1224, 788",지명,수선전도,
2024. 6. 25 오후 7:53:58,안국방,安國坊,"1257, 805",지명,수선전도,
2024. 6. 25 오후 7:57:30,광화문,光化門,"1329, 614",문,수선전도,
2024. 6. 25 오후 7:57:37,소안동,小安洞,"1241, 844",지명,수선전도,
2024. 6. 25 오후 7:58:25,의정부,議政府,"1356, 639",건물,수선전도,
2024. 6. 25 오후 7:58:43,가회방,嘉會坊,"1171, 883",지명,수선전도,
2024. 6. 25 오후 7:58:47,예조,禮曹,"1356, 605",건물,수선전도,
2024. 6. 25 오후 7:59:18,중추부,中樞府,"1379, 608",건물,수선전도,
2024. 6. 25 오후 7:59:32,양덕방,陽德坊,"1105, 920",지명,수선전도,
2024. 6. 25 오후 7:59:41,사헌부,司憲府,"1404, 609",건물,수선전도,
2024. 6. 25 오후 7:59:58,이조,吏曹,"1405, 636",건물,수선전도,
2024. 6. 25 오후 8:00:02,원동,苑洞,"1116, 959",지명,수선전도,
2024. 6. 25 오후 8:00:58,경조(한성부),京兆,"1432, 633",건물,수선전도,
2024. 6. 25 오후 8:01:04,광화방,廣化坊,"1150, 952",지명,수선전도,
2024. 6. 25 오후 8:01:22,병조,兵曹,"1428, 613",지명,수선전도,
2024. 6. 25 오후 8:01:39,형조,刑曹,"1452, 611",건물,수선전도,
2024. 6. 25 오후 8:02:08,호조,戶曹,"1460, 635",건물,수선전도,
2024. 6. 25 오후 8:02:13,의빈부,儀賓府,"1187, 953",건물,수선전도,
2024. 6. 25 오후 8:02:38,공조,工曹,"1470, 613",건물,수선전도,
2024. 6. 25 오후 8:03:04,자문감,紫門監,"1206, 944",건물,수선전도,
2024. 6. 25 오후 8:03:34,서영,西營,"1212, 960",건물,수선전도,
2024. 6. 25 오후 8:05:16,징청방,澄淸坊,"1496, 611",지명,수선전도,
2024. 6. 25 오후 8:05:34,사도시,司導寺,"1245, 961",건물,수선전도,
2024. 6. 25 오후 8:05:47,이간정동,二間井洞,"1496, 611",지명,수선전도,
2024. 6. 25 오후 8:05:59,관상감,觀象監,"1254, 943",건물,수선전도,
2024. 6. 25 오후 8:06:10,기로소,耆老所,"1520, 637",건물,수선전도,
2024. 6. 25 오후 8:06:27,제생동,濟生洞,"1232, 912",지명,수선전도,
2024. 6. 25 오후 8:07:18,혜교,惠橋,"1536, 658",건물,수선전도,
2024. 6. 25 오후 8:07:38,회동,灰洞,"1256, 889",지명,수선전도,
2024. 6. 25 오후 8:08:07,당피동,唐皮洞,"1526, 567",지명,수선전도,
2024. 6. 25 오후 8:08:46,경우궁,慶祐宮,"1289, 933",건물,수선전도,
2024. 6. 25 오후 8:09:46,비국,備局,"1272, 979",건물,수선전도,
2024. 6. 25 오후 8:10:09,비국,備局,"1536, 535",건물,수선전도,
2024. 6. 25 오후 8:10:43,주원(사옹원),廚院,"1286, 977",건물,수선전도,
2024. 6. 25 오후 8:11:05,훈영,訓營,"1523, 509",건물,수선전도,
2024. 6. 25 오후 8:11:07,통례원,通禮院,"1307, 979",건물,수선전도,
2024. 6. 25 오후 8:11:33,내섬시,內贍寺,"1476, 532",건물,수선전도,
2024. 6. 25 오후 8:11:50,봉상시,奉常寺,"1474, 513",지명,수선전도,
2024. 6. 25 오후 8:11:50,경행방,慶幸坊,"1299, 912",지명,수선전도,
2024. 6. 25 오후 8:12:09,순동,巡洞,"1470, 481",지명,수선전도,
2024. 6. 25 오후 8:12:32,이동(니동),泥洞,"1342, 938",지명,수선전도,
2024. 6. 25 오후 8:12:56,경희궁,慶熙宮,"1488, 450",건물,수선전도,
2024. 6. 25 오후 8:13:29,내수사,內需司,"1425, 521",건물,수선전도,
2024. 6. 25 오후 8:14:07,송교,松橋,"1395, 558",건물,수선전도,
2024. 6. 25 오후 8:14:41,승전색교,承傳色橋,"1396, 511",건물,수선전도,
2024. 6. 25 오후 8:15:16,장흥고,長興庫,"1352, 518",건물,수선전도,
2024. 6. 25 오후 8:15:41,신무문,神武門,"1057, 605",문,수선전도,
2024. 6. 25 오후 8:15:48,적선방,積善坊,"1340, 549",지명,수선전도,
2024. 6. 25 오후 8:16:16,연호궁,延祜宮,"1006, 541",건물,수선전도,
2024. 6. 25 오후 8:17:18,육상궁,毓祥宮,"1006, 522",건물,수선전도,
2024. 6. 25 오후 8:17:34,창의궁,彰義宮,"1296, 549",건물,수선전도,
2024. 6. 25 오후 8:17:37,신교,新橋,"1077, 488",건물,수선전도,
2024. 6. 25 오후 8:18:26,의통방,義通坊,"1297, 550",지명,수선전도,
2024. 6. 25 오후 8:18:32,의통방,義通坊,"1110, 533",지명,수선전도,
2024. 6. 25 오후 8:18:53,장동,壯洞,"1110, 502",지명,수선전도,
2024. 6. 25 오후 8:18:59,매동,梅洞,"1280, 518",지명,수선전도,
2024. 6. 25 오후 8:19:18,사재감,司宰監,"1242, 533",건물,수선전도,
2024. 6. 25 오후 8:19:18,옥류동,玉流洞,"1128, 408",지명,수선전도,
2024. 6. 25 오후 8:20:02,순화방,順化坊,"1143, 509",지명,수선전도,
2024. 6. 25 오후 8:20:15,대동,帶洞,"1214, 521",지명,수선전도,
2024. 6. 25 오후 8:20:42,자수교,慈壽橋,"1136, 480",건물,수선전도,
2024. 6. 25 오후 8:20:49,내자시,內資寺,"1359, 497",건물,수선전도,
2024. 6. 25 오후 8:21:39,누각동,樓閣洞,"1195, 416",지명,수선전도,
2024. 6. 25 오후 8:21:44,전립동,典笠洞,"1324, 471",지명,수선전도,
2024. 6. 25 오후 8:22:43,금교,禁橋,"1332, 505",건물,수선전도,
2024. 6. 25 오후 8:23:25,송목동,松木洞,"1354, 425",지명,수선전도,
2024. 6. 25 오후 8:23:57,도가동,都家洞,"1331, 424",지명,수선전도,
2024. 6. 25 오후 8:24:21,사직,社稷,"1314, 403",건물,수선전도,
2024. 6. 25 오후 8:26:22,인달방,仁達坊,"1252, 425",지명,수선전도,
2024. 6. 25 오후 8:27:54,분선공(선공감),分繕工,"1252, 396",건물,수선전도,
2024. 6. 25 오후 8:28:37,체부동,遞付洞,"1282, 473",지명,수선전도,
2024. 8. 10 오전 11:35:05,향원정,香遠亭,"4557, 2077",건물,북궐도형,정현
2024. 8. 10 오전 11:36:00,취향교,醉香橋,"4265, 2081",건물,북궐도형,
2024. 8. 10 오전 11:44:36,정(우물),井,"4251, 1835",미상,북궐도형,
2024. 8. 10 오전 11:46:25,인유문,麟遊門,"4163, 2334",문,북궐도형,
2024. 8. 10 오전 11:50:07,봉집문,鳳集門,"4402, 2415",문,북궐도형,
2024. 8. 10 오전 11:53:20,남여고,藍輿庫,"4495, 2581",건물,북궐도형,
2024. 8. 10 오전 11:53:57,현강문,顯康門,"4519, 2509",문,북궐도형,
2024. 8. 10 오전 11:54:51,정(우물),井,"4625, 2573",미상,북궐도형,
2024. 8. 10 오전 11:55:41,육우정,六隅亭,"4471, 2705",건물,북궐도형,
2024. 8. 10 오전 11:56:27,통화당,通和堂,"4895, 2739",건물,북궐도형,
2024. 8. 10 오전 11:56:59,장고,醬庫,"4873, 2439",건물,북궐도형,
2024. 8. 10 오전 11:57:35,청향문,淸香門,"4896, 2334",문,북궐도형,
2024. 8. 10 오후 12:04:33,현무문,玄武門,"1184, 875",문,북궐도형,
2024. 8. 10 오후 12:07:04,용강문,用康門,"2537, 488",문,북궐도형,
2024. 8. 10 오후 12:08:34,양정재,養正齋,"2360, 734",건물,북궐도형,
2024. 8. 10 오후 12:10:25,만작문,萬秨門,"2342, 1046",문,북궐도형,
2024. 8. 10 오후 12:12:26,지희당,至喜堂,"2515, 664",건물,북궐도형,
2024. 8. 10 오후 12:13:10,관풍루,觀豊樓,"2550, 768",건물,북궐도형,
2024. 8. 10 오후 12:13:35,경농재,慶農齋,"2537, 814",건물,북궐도형,
2024. 8. 10 오후 12:14:01,대유재,大有齋,"2511, 948",건물,북궐도형,
2024. 8. 10 오후 12:14:19,정(우물),井,"2600, 842",미상,북궐도형,
2024. 8. 10 오후 12:15:50,후재문,厚載門,"2435, 735",문,북궐도형,
2024. 8. 10 오후 12:16:34,수풍문,綏豊門,"2542, 1103",문,북궐도형,
2024. 8. 10 오후 12:19:41,관가문,觀稼門,"2718, 1211",문,북궐도형,
2024. 8. 10 오후 12:20:27,중일각,中一閣,"2493, 1152",건물,북궐도형,
2024. 8. 10 오후 12:21:35,수궁,守宮,"2354, 1549",건물,북궐도형,
2024. 8. 10 오후 12:22:33,용무문,用武門,"2122, 2146",문,북궐도형,
2024. 8. 10 오후 12:23:20,춘안당,春安堂,"2211, 2086",건물,북궐도형,
2024. 8. 10 오후 12:23:51,영원문,永元門,"2277, 2100",문,북궐도형,
2024. 8. 10 오후 12:24:17,소춘문,小春門,"2198, 2178",문,북궐도형,
2024. 8. 10 오후 12:24:47,무숙문,武肅門,"2241, 2182",문,북궐도형,
2024. 8. 10 오후 12:26:47,삼춘문,三春門,"2193, 2438",문,북궐도형,
2024. 8. 10 오후 12:27:10,문안문,文安門,"2245, 2402",문,북궐도형,
2024. 8. 10 오후 12:27:41,경춘문,景春門,"2248, 2319",문,북궐도형,
2024. 8. 10 오후 12:28:10,융문당,隆文堂,"2243, 2268",건물,북궐도형,
2024. 8. 10 오후 12:29:25,경무문,景武門,"2125, 2266",문,북궐도형,
2024. 8. 10 오후 12:30:25,일춘문,一春門,"2976, 2601",문,북궐도형,
2024. 8. 10 오후 12:30:44,이춘문,二春門,"2763, 2599",문,북궐도형,
2024. 8. 10 오후 12:31:11,융무당,隆武堂,"2869, 2557",건물,북궐도형,
2024. 8. 10 오후 12:32:37,본시문,本始門,"2814, 2557",문,북궐도형,
2024. 8. 10 오후 12:33:22,벽화실,碧華室,"1512, 1653",건물,북궐도형,
2024. 8. 10 오후 12:35:02,천하제일복지,天下第一福地,"1253, 1797",미상,북궐도형,
2024. 8. 10 오후 12:35:29,옥련정,玉蓮亭,"1367, 1957",건물,북궐도형,
2024. 8. 10 오후 12:35:58,오운각,五雲閣,"1383, 1703",건물,북궐도형,
2024. 8. 10 오후 6:41:15,춘생문,春生門,"3708, 3346",문,북궐도형,
2024. 8. 10 오후 6:41:39,춘화문,春和門,"3684, 3234",문,북궐도형,
2024. 8. 10 오후 6:42:05,춘도문,春到門,"3645, 2922",문,북궐도형,
2024. 8. 10 오후 6:42:21,수문,水門,"3705, 2980",문,북궐도형,
2024. 8. 10 오후 6:43:01,금위군직소,禁衛軍直所,"3418, 3024",건물,북궐도형,
2024. 8. 10 오후 6:43:25,수궁,守宮,"3329, 2837",건물,북궐도형,
2024. 8. 10 오후 6:44:15,광무문,廣武門,"3664, 2572",문,북궐도형,
2024. 8. 10 오후 6:44:46,무령문,武寧門,"3708, 2532",문,북궐도형,
2024. 8. 10 오후 6:45:26,경화문,瓊華門,"3720, 2322",문,북궐도형,
2024. 8. 10 오후 6:46:05,청휘문,淸輝門,"3867, 2320",문,북궐도형,
2024. 8. 10 오후 6:46:40,사시향루,四時香樓,"3899, 2249",건물,북궐도형,
2024. 8. 10 오후 6:50:39,옥호루,玉壺樓,"3913, 2246",건물,북궐도형,
2024. 8. 10 오후 6:51:15,곤녕합,坤寧閤,"3909, 2199",건물,북궐도형,
2024. 8. 10 오후 6:51:47,정시합,正始閤,"3851, 2231",건물,북궐도형,
2024. 8. 10 오후 6:52:25,녹금당,綠琴堂,"3824, 2168",건물,북궐도형,
2024. 8. 10 오후 6:53:01,복수당,福綏堂,"3748, 2249",건물,북궐도형,
2024. 8. 10 오후 6:53:38,계무문,癸武門,"3570, 1920",문,북궐도형,
2024. 8. 10 오후 6:54:15,무청문,武淸門,"3636, 1940",문,북궐도형,
2024. 8. 10 오후 6:54:30,수문,水門,"3526, 1765",문,북궐도형,
2024. 8. 10 오후 6:54:55,취규문,聚奎門,"3700, 1968",문,북궐도형,
2024. 8. 10 오후 6:55:22,관명문,觀明門,"3798, 1968",문,북궐도형,
2024. 8. 10 오후 6:56:01,정화당,正化堂,"3940, 2019",건물,북궐도형,
2024. 8. 10 오후 6:56:34,장안당,長安堂,"4008, 2070",건물,북궐도형,
2024. 8. 10 오후 6:57:19,추수부용루,秋水芙蓉樓,"4038, 2000",건물,북궐도형,
2024. 8. 10 오후 6:58:10,파수간,把守間,"4063, 2167",건물,북궐도형,
2024. 8. 10 오후 7:00:57,초양문,初陽門,"4084, 2162",문,북궐도형,
2024. 8. 10 오후 7:01:43,필성문,弼成門,"4096, 1966",문,북궐도형,
2024. 8. 10 오후 7:02:03,건청궁,乾淸宮,"4137, 2200",건물,북궐도형,
2024. 8. 10 오후 7:04:23,함광문,含光門,"4004, 2261",문,북궐도형,
,주성리,鑄成里,"2147, 1570",지명,수선전도,
,이사(니사),尼舍,"2240, 1526",지명,수선전도,
,수철리,水鉄里,"2206, 1497",지명,수선전도,
,두모포,豆毛浦,"2243, 1455",지명,수선전도,
,한강진,漢江鎭,"2254, 1374",지명,수선전도,
,보강리,保江里,"2319, 1133",지명,수선전도,
,서빙고,西氷庫,"2350, 887",건물,수선전도,
,외부어현,外夫於峴,"2211, 1223",지명,수선전도,
,작부어치,勺夫於峙,"2263, 918",지명,수선전도,
,목멱산,木覔山,"2173, 999",지명,수선전도,
,봉대,烽臺,"2213, 884",지명,수선전도,
,동작동,洞雀洞,"2356, 506",지명,수선전도,
,성북동,城北洞,"855, 1172",지명,수선전도,
,내원암,內院庵,"720, 1096",건물,수선전도,
,대성문,大城門,"716, 786",문,수선전도,
,향림,香林,"794, 794",지명,수선전도,
,전관교(전곶교),箭串橋,"1854, 1794",건물,수선전도,
,차현(거현),車峴,"1788, 1776",지명,수선전도,
,안정사,安定寺,"1844, 1661",건물,수선전도,
,왕심리,旺深里,"1691, 1742",지명,수선전도,
,영도교,永渡橋,"1615, 1709",건물,수선전도,
,인창방,仁昌坊,"1526, 1655",지명,수선전도,
,동묘,東廟,"1490, 1675",건물,수선전도,
,동지,東池,"1569, 1594",지명,수선전도,
,오간수문,五間水門,"1571, 1552",건물,수선전도,
,이간수문,二間水門,"1670, 1563",건물,수선전도,
,답심리,踏深里,"1599, 1802",지명,수선전도,
,동활인서,東活人署,"1834, 1605",건물,수선전도,
,광희문,光熙門,"1847, 1573",문,수선전도,
,둔지산,屯之山,"2300, 564",지명,수선전도,
,둔지방,屯之坊,"2226, 540",지명,수선전도,
,이태원,利泰院,"2254, 702",지명,수선전도,
,전생서,典牲署,"2177, 595",건물,수선전도,
,와현,瓦峴,"2290, 460",지명,수선전도,
,와서,瓦署,"2318, 434",건물,수선전도,
,사남기,沙南基,"2345, 391",지명,수선전도,
,만초천,蔓草川,"2309, 389",지명,수선전도,
,당현,堂峴,"2277, 396",지명,수선전도,
,석우,石隅,"2235, 406",지명,수선전도,
,군자감,軍資監,"2248, 343",건물,수선전도,
,용산,龍山,"2271, 297",지명,수선전도,
,읍청루,挹淸樓,"2286, 271",건물,수선전도,
,신창,新倉,"2191, 356",건물,수선전도,
,효창묘,孝昌墓,"2157, 323",지명,수선전도,
,토정,土亭,"2135, 181",건물,수선전도,
,동문,東門,"599, 1021",문,수선전도,
,진국사,鎭國寺,"576, 648",건물,수선전도,
,국녕사,國寧寺,"700, 478",건물,수선전도,
,진관사,津寬寺,"683, 343",건물,수선전도,
,부왕사,扶旺寺,"665, 584",건물,수선전도,
,산영루,山暎樓,"633, 647",건물,수선전도,
,행궁,行宮,"689, 587",건물,수선전도,
,보현봉,普賢峯,"716, 559",지명,수선전도,
,보광사,普光寺,"709, 608",건물,수선전도,
,상창,上倉,"665, 637",건물,수선전도,
,백악,白岳,"811, 585",지명,수선전도,
,서성,西城,"869, 299",지명,수선전도,
,승가사,僧伽寺,"793, 386",건물,수선전도,
,문수사,文殊寺,"776, 461",건물,수선전도,
,미타사,彌陀寺,"843, 502",건물,수선전도,
,사천,沙川,"1225, 134",지명,수선전도,
,모악,母岳,"1272, 171",지명,수선전도,
,모악현,母岳峴,"1359, 245",지명,수선전도,
,백운동,白雲洞,"1024, 417",지명,수선전도,
,청풍계,淸風溪,"1079, 433",지명,수선전도,